no,entidad_federativa,anio,evento,tipo_fenomeno,instancia_corroboradora,documento_corroboracion,nombre_municipios_corroborados,numero_municipios_corroborados,instalacion_ced,sectores_afectados,fecha_publicacion_dof,publicacion_dof,entrega_resultados_ced,limite_para_entregar_diagnostico,oficio_entrega,observaciones,ultima_fecha_actualizacion
1,Jalisco,2019,Inundación fluvial el dos de junio de 2019,Hidrometeorológico,CONAGUA,B00.8.02.-085,San Gabriel,1,07/06/2019,"Educativo, Forestal y de Viveros, Hidráulico, Vial Urbano y Vivienda",18060,https://www.dof.gob.mx/nota_detalle.php?codigo=5562608&fecha=13/06/2019,18081,18092,SSPC/SPPPCCP/CNPC/DGGR/0007/2019; SSPC/SPPPCCP/CNPC/DGGR/0048/2019; SSPC/SPPPCCP/CNPC/DGGR/0034/2019; SSPC/SPPPCCP/CNPC/DGGR/0026/2019;,sin dato,2020
2,Tamaulipas,2019,Inundación fluvial y pluvial el 24 de junio de 2019,Hidrometeorológico,CONAGUA,B00.8.02.-117,Reynosa,1,28/06/2019,Educativo e Hidráulico,18081,https://www.dof.gob.mx/nota_detalle.php?codigo=5564906&fecha=04/07/2019,18102,18113,SSPC/SPPPCCP/CNPC/DGGR/0142/2019; SSPC/SPPPCCP/CNPC/DGGR/0228/2019,sin dato,2020
3,Chiapas,2019,Lluvia severa ocurrida el 17 de agosto de 2019,Hidrometeorológico,CONAGUA,B00.8.-586,Huixtla,1,26/08/2019,"Carretero, Educativo, Hidráulico, Pesquero y Acuícola, Vial Urbano y Vivienda",18138,https://www.dof.gob.mx/nota_detalle.php?codigo=5570849&fecha=30/08/2019,18145,18157,SSPC/SPPPCCP/CNPC/DGGR/0713/2019; SSPC/SPPPCCP/CNPC/DGGR/0575/2019,sin dato,2020
4,Veracruz,2019,Movimiento de ladera el 23 de agosto de 2019,Geológico,CENAPRED,E00-DG/1576/2019,Acultzingo,1,30/08/2019,"Forestal y de Viveros, Vial Urbano y Vivienda",18144,https://www.dof.gob.mx/nota_detalle.php?codigo=5571330&fecha=05/09/2019,18166,18177,SSPC/SPPPCCP/CNPC/DGGR/01143/2019; SSPC/SPPPCCP/CNPC/DGGR/01110/2019,sin dato,2020
5,Nuevo León,2019,Lluvia severa e inundación pluvial y fluvial el 4 de septiembre de 2019,Hidrometeorológico,CONAGUA,B00.8.-604,"Abasolo, Allende, Apodaca, Bustamante, Cadereyta de Jiménez, El Carmen, China, Ciénega de Flores, Doctor González, Galeana, García, General Bravo, General Escobedo, General Terán, General Zuazua, Guadalupe, Higueras, Hidalgo, Hualahuises, Iturbide, Juárez, Linares, Los Ramones, Marín, Mina, Montemorelos, Monterrey, Pesquería, Rayones, Salinas Victoria, San Nicolás de los Garza, San Pedro Garza García, Santa Catarina, Santiago",34,13/09/2019,"Carretero, Educativo, Salud, Vial Urbano y Vivienda",18159,https://www.dof.gob.mx/nota_detalle.php?codigo=5573052&fecha=20/09/2019,18180,18191,SSPC/SPPPCCP/CNPC/DGGR/01286/2019; SSPC/SPPPCCP/CNPC/DGGR/01210/2019; SSPC/SPPPCCP/CNPC/DGGR/01297/2019; SSPC/SPPPCCP/CNPC/DGGR/01258/2019,sin dato,2020
6,Chiapas,2019,Inundación fluvial el 16 de septiembre de 2019,Hidrometeorológico,CONAGUA,B00.8.-613,Tapachula,1,19/09/2019,"Carretero, Educattivo, Hidráulico, Naval, Vial Urbano",18164,https://www.dof.gob.mx/nota_detalle.php?codigo=5573466&fecha=25/09/2019,18171,18180,SSPC/SPPPCCP/CNPC/DGGR/01083/2019; SSPC/SPPPCCP/CNPC/DGGR/01142/2019; SSPC/SPPPCCP/CNPC/DGGR/01032/2019,sin dato,2020
7,Chiapas,2019,Inundación fluvial el 18 de septiembre de 2019,Hidrometeorológico,CONAGUA,B00.8.-622,Acapetahua,1,24/09/2019,"Carretero, Educativo, Hidráulico, Vial Urbano y Vivienda",18169,https://www.dof.gob.mx/nota_detalle.php?codigo=5573846&fecha=30/09/2019,18190,18199,SSPC/SPPPCCP/CNPC/DGGR/01344/2019; SSPC/SPPPCCP/CNPC/DGGR/01334/2019; SSPC/SPPPCCP/CNPC/DGGR/01429/2019; SSPC/SPPPCCP/CNPC/DGGR/01319/2019,sin dato,2020
8,Colima,2019,Lluvia severa e inundación fluvial y pluvial del 18 al 19 de septiembre de 2019,Hidrometeorológico,CONAGUA,B00.8.-623,"Armería, Manzanillo, Minatitlán y Tecomán",4,25/09/2019,"Educativo, Naval, Vial Urbano y Vivienda",18170,https://www.dof.gob.mx/nota_detalle.php?codigo=5573927&fecha=01/10/2019,18191,18200,SSPC/SPPPCCP/CNPC/DGGR/01340/2019; SSPC/SPPPCCP/CNPC/DGGR/01320/2019,sin dato,2020
9,Baja California Sur,2019,Huracán Lorena (Lluvia severa y vientos fuertes) el 20 de septiembre de 2019,Hidrometeorológico,CONAGUA,B00.8.-624,Los Cabos y La Paz,2,25/09/2019,"Carretero, Educativo y Naval",18170,https://www.dof.gob.mx/nota_detalle.php?codigo=5573926&fecha=01/10/2019,18177,18186,SSPC/SPPPCCP/CNPC/DGGR/001173/2019; SSPC/SPPPCCP/CNPC/DGGR/001112/2019,sin dato,2020
10,Jalisco,2019,Huracán Lorena (lluvia severa) el 18 de septiembre de 2019,Hidrometeorológico,CONAGUA,B00.8.-629,"Cihuatlán, Cuautitlán de García Barragán, La Huerta, Tomatlán, Villa Purificación",5,30/09/2019,"Carretero, Educativo, Hidráulico, Naval, Vial Urbano y Vivienda",18173,https://www.dof.gob.mx/nota_detalle.php?codigo=5574425&fecha=04/10/2019,18194,18205,SSPC/SPPPCCP/CNPC/DGGR/01617/2019; SSPC/SPPPCCP/CNPC/DGGR/01659/2019; SSPC/SPPPCCP/CNPC/DGGR/01388/2019,sin dato,2020
11,Guerrero,2019,Lluvia severa e inundación fluvial y pluvial del 28 al 29 de septiembre de 2019,Hidrometeorológico,CONAGUA,B00.8.-662,"Chilapa de Álvarez, Eduardo Neri, José Joaquín Herrera, Atlixtac, Mártir de Cuilapa, San Marcos, Tecoanapa, Zitlala, Acapulco de Juárez, Azoyú, Copala, IIiatenco, Juchitán, Marquelia, San Luis Acatlán, Atoyac de Álvarez, Benito Juárez, Coahuayutla de José María Izazaga, Cuajinicuilapa, Florencio Villarreal, La Unión de Isidoro Montes de Oca, Petatlán, Técpan de Galeana, Zihuatanejo de Azueta, Acatepec, Chilpancingo de los Bravo, Cuautepec, Igualapa, Malinaltepec, Mochitlán, Quechultenango, Ometepec, Tlacoachistlahuaca, Xochixtlahuaca, Tixtla de Guerrero, Tlacoapa y Leonardo Bravo, Acatepec, Cuajinicuilapa, Igualapa, Malinaltepec, Acapulco de Juárez, Azoyú, Coyuca de Benítez, Cuautepec, IIiatenco, Juchitán, Leonardo Bravo, Marquelia, Metlatonoc, Tepecoacuilco de Trujano y Tlacoachistlahuaca",40,03/10/2019,"Carretero, Educativo, Hidráulico, Naval, Pesquero y Acuícola, Salud, Vial Urbano y Vivienda",18178,https://www.dof.gob.mx/nota_detalle.php?codigo=5574844&fecha=09/10/2019,18199,18208,SSPC/SPPPCCP/CNPC/DGGR/01717/2019; SSPC/SPPPCCP/CNPC/DGGR/01754/2019; SSPC/SPPPCCP/CNPC/DGGR/01579/2019,sin dato,2020
12,Colima,2019,"Lluvia severa, inundación fluvial y pluvial el 29 y 30 de septiembre de 2019",Hidrometeorológico,CONAGUA,B00.8.-659,"Armería, Colima, Comala, Coquimatlán, Cuauhtémoc, Ixtlahuacán, Manzanillo, Minatitlán, Tecomán y Villa de Álvarez",10,03/10/2019,"Carretero, Deportivo, Educativo, Hidráulico, Pesquero y Acuícola, Vial Urbano y Vivienda",18178,https://www.dof.gob.mx/nota_detalle.php?codigo=5574843&fecha=09/10/2019,18199,18208,SSPC/SPPPCCP/CNPC/DGGR/01760/2019; SSPC/SPPPCCP/CNPC/DGGR/01578/2019; SSPC/SPPPCCP/CNPC/DGGR/01721/2019,sin dato,2020
13,Jalisco,2019,Tormenta Tropical Narda (Lluvia severa) ocurrida el día 29 de septiembre de 2019,Hidrometeorológico,CONAGUA,B00.8.-666,"Cabo Corrientes, Cihuatlán, La Huerta, Tomatlán y Villa Purificación",5,07/10/2019,"Carretero, Educativo, Hidráulico, Naval, Pesquero y Acuícola, Vial Urbano y Vivienda",18180,https://www.dof.gob.mx/nota_detalle.php?codigo=5575185&fecha=11/10/2019,18201,18212,SSPC/SPPPCCP/CNPC/DGGR/01840/2019; SSPC/SPPPCCP/CNPC/DGGR/01724/2019; SSPC/SPPPCCP/CNPC/DGGR/01616/2019,sin dato,2020
14,Oaxaca,2019,"Lluvia severa, inundación fluvial y pluvial ocurridas los días 28, 29 y 30 de septiembre de 2019",Hidrometeorológico,CONAGUA,B00.8.-667,"San Baltazar Loxicha, San Bartolomé Loxicha, San Jerónimo Coatlán, San Miguel Coatlán, San Pablo Coatlán, San Sebastián Coatlán, Santa Catarina Loxicha, Santa María Colotepec, Santa María Tonameca, Santo Domingo de Morelos y Santo Domingo Tehuantepec, Candelaria Loxicha, Constancia del Rosario, La Reforma, Mesones Hidalgo, Pluma Hidalgo, San Agustín Loxicha, San Andrés Cabecera Nueva, San Francisco Cahuacuá, San Francisco Ozolotepec, San Juan Bautista Lo de Soto, San Juan Lachao, San Juan Ozolotepec, San Juan Quiahije, San Marcial Ozolotepec, San Mateo Piñas, San Mateo Río Hondo, San Miguel del Puerto, San Miguel el Grande, San Miguel Panixtlahuaca, San Miguel Suchixtepec, San Pablo Tijaltepec, San Pedro el Alto, San Pedro Pochutla, San Sebastián Río Hondo, Santa Catarina Juquila, Santa Cruz Itundujia, Santa Cruz Tacahua, Santa Lucía Monteverde, Santa María Huatulco, Santa María Ozolotepec, Santa María Yucuhiti, Santa María Zacatepec, Santiago Llano Grande, Santiago Nuyoó, Santiago Tapextla, Santiago Xanica, Santiago Yosondúa, Santo Domingo Ixcatlán, Santo Domingo Ozolotepec, Santos Reyes Nopala y Tataltepec de Valdés, Santa María Yolotepec, Heróica Ciudad de Juchitán de Zaragoza, San Pedro Mixtepec, Santa María Temaxcaltepec, San Juan Colorado y San Pedro Amuzgos, Santiago Jamiltepec, Santiago Pinotepa Nacional y Villa de Tututepec de Melchor Ocampo, Chalcatongo de Hidalgo, Coicoyán de las Flores, San Esteban Atatlahuca y Santiago Yaitepec, Calihualá, Putla Villa de Guerrero, San Gabriel Mixtepec, Santa Catarina Yosonotú y Santiago Juxtlahuaca, San Juan Mixtepec, San Juan Ñumí, San Martín Itunyoso, San Martín Peras, San Pedro Mixtepec, Santa Cruz Nundaco, Heróica Ciudad de Tlaxiaco, San Lorenzo Victoria, Santa María Huazolotitlán, Santiago Tamazola y Silacayoápam, San Sebastián Tecomaxtlahuaca",82,07/10/2019,"Carretero, Educativo, Hidráulico, Militar, Naval, Pesquero y Acuíola, Vial Urbano y Vivienda",18180,https://www.dof.gob.mx/nota_detalle.php?codigo=5575186&fecha=11/10/2019,18201,18212,SSPC/SPPPCP/CNPC/DGGR/01831/2019; SSPC/SPPPCCP/CNPC/DGGR/01781/2019; SSPC/SPPPCP/CNPC/DGGR/01723/2019; SSPC/SPPPCCP/CNPC/DGGR/01812/2019; SSPC/SPPPCP/CNPC/DGGR/01519/2019,sin dato,2020
15,Chiapas,2019,Inundación fluvial del 7 al 10 de octubre de 2019,Hidrometeorológico,CONAGUA,B00.8.-675,Mapastepec,1,15/10/2019,"Carretero, Educativo, Hidráulico, Pesquero y Acuícola, Vial Urbano y Vivienda",18190,https://www.dof.gob.mx/nota_detalle.php?codigo=5576003&fecha=21/10/2019,18211,18221,SSPC/SPPPCCP/CNPC/DGGR/02027/2019; SSPC/SPPPCCP/CNPC/DGGR/01854/2019; SSPC/SPPPCCP/CNPC/DGGR/01974/2019; SSPC/SPPPCCP/CNPC/DGGR/02041/2019; SSPC/SPPPCP/CNPC/DGGR/01766/2019,sin dato,2020
16,Baja California Sur,2019,Lluvia severa e inundación fluvial y pluvial el 13 de octubre de 2019,Hidrometeorológico,CONAGUA,B00.8.-682,La Paz y Los Cabos,2,17/10/2019,"Carretero, Educativo, Hidráulico, Naval, Vial Urbano y Vivienda",18192,https://www.dof.gob.mx/nota_detalle.php?codigo=5576323&fecha=23/10/2019,18199,18208,SSPC/SPPPCCP/CNPC/DGGR/01720/2019; SSPC/SPPPCCP/CNPC/DGGR/01522/2019; SSPC/SPPPCCP/CNPC/DGGR/01586/2019; SSPC/SPPPCCP/CNPC/DGGR/01764/2019,sin dato,2020
17,Veracruz,2019,Inundación pluvial y fluvial el 13 de octubre de 2019,Hidrometeorológico,CONAGUA,B00.8.-685,Catemaco y Santiago Tuxtla,2,22/10/2019,"Carretero, Forestal y Viveros, Hidráulico, Vial Urbano y Vivienda",18197,https://www.dof.gob.mx/nota_detalle.php?codigo=5576685&fecha=28/10/2019,18219,18228,SSPC/SPPPCCP/CNPC/DGGR/02046/2019; SSPC/SPPPCCP/CNPC/DGGR/02108/2019; SSPC/SPPPCCP/CNPC/DGGR/02131/2019,sin dato,2020
18,Baja California,2019,"Incendios forestales presentados del 24, 25 y 26 de octubre de 2019",Incendio Forestal,CONAFOR,DG-0729/2019,"Ensenada, Playas de Rosarito y Tecate",3,01/11/2019,"Forestal y de Viveros, Vial Urbano y Vivienda",18207,https://www.dof.gob.mx/nota_detalle.php?codigo=5578070&fecha=07/11/2019,18229,18240,SSPC/SPPPCCP/CNPC/DGGR/02302/2019; SSPC/SPPPCCP/CNPC/DGGR/02245/2019,sin dato,2020
19,Chihuahua,2019,Lluvia severa el 27 y 28 de noviembre e inundación fluvial el 28 de noviembre de 2019,Hidrometeorológico,CONAGUA,B00.8.-793,"Bocoyna, Batopilas, Chlnipas, Guachochi, Guadalupe y Calvo, Morelos y Urique",7,04/12/2019,"Carretero, Vial Urbano y Vivienda",18240,https://www.dof.gob.mx/nota_detalle.php?codigo=5581383&fecha=10/12/2019,18263,18274,SSPC/SPPPCCP/CNPC/DGGR/00274/2020; SSPC/SPPPCCP/CNPC/DGGR/01363/2020; SSPC/SPPPCCP/CNPC/DGGR/00280/2020,sin dato,2020
20,Durango,2019,Lluvia severa el 28 de noviembre de 2019,Hidrometeorológico,CONAGUA,B00.8.-792,"Canelas, Otáez, San Dimas, Tamazula, Tepehuanes y Topia",6,04/12/2019,"Carretero, Educativo, Hidráulico, Vial Urbano y Vivienda",18240,https://www.dof.gob.mx/nota_detalle.php?codigo=5581384&fecha=10/12/2019,18263,18274,SSPC/SPPPCCP/CNPC/DGGR/03245/2020; SSPC/SPPPCCP/CNPC/DGGR/00212/2020; SSPC/SPPPCCP/CNPC/DGGR/00279/2020; SSPC/SPPPCCP/CPC/DGGR/00046/2020,sin dato,2020
21,Sonora,2019,Lluvia severa e inundación fluvial y pluvial del 27 al 29 de noviembre de 2019,Hidrometeorológico,CONAGUA,B00.8.-797,"Aconchi, Agua Prieta, Álamos, Arivechi, Arizpe, Bacadéhuachi, Bacanora, Bacerac, Bacoachi, Bácum, Banámichi, Baviácora, Bavispe, Benjamín Hill, Cananea, Carbó, Cucurpe, Cumpas, Divisaderos, Fronteras, General Plutarco Elías Calles, Granados, Guaymas, Hermosillo, Huachinera, Huásabas, Huepac, Imuris, Magdalena, Mazatán, Moctezuma, Naco, Nácori Chico, Nacozari De García, Onavas, Opodepe, Quiriego, Rayón, Sahuaripa, San Felipe De Jesús, San Ignacio Rio Muerto, San Javier, San Luis Rio Colorado, San Miguel De Horcasitas, San Pedro De La Cueva, Santa Ana, Santa Cruz, Soyopa, Suaqui Grande, Tepache, Trincheras, Ures, Villa Hidalgo, Villa Pesqueira y Yecora.",55,05/12/2019,"Carretero, Educativo, Hidráulico, Naval, Vial Urbano y Vivienda",18241,https://www.dof.gob.mx/nota_detalle.php?codigo=5581589&fecha=11/12/2019,18264,18275,SSPC/SPPPCCP/CNPC/DGGR/00249/2020; SSPC/SPPPCCP/CNPC/DGGR/00281/2020; SSPC/SPPPCCP/CNPC/DGGR/00273/2020; SSPC/SPPPCCP/CNPC/DGGR/00382/2020; SSPC/SPPPCCP/CNPC/DGGR/00156/2020; SSPC/SPPPCCP/CNPC/DGGR/00063/2020,sin dato,2020
22,Veracruz,2019,Sequía severa del 1 de mayo de 2019 al 30 de noviembre de 2019,Hidrometeorológico,CONAGUA,B00.8.-803,"Acayucan, Actopan, Álamo Temapache, Alvarado, Amatitlán, Apazapan, Benito Juárez, Boca del Río, Camarón de Tejeda, Carlos A. Carrillo, Carrillo Puerto, Castillo de Teayo, Cazones de Herrera, Chalma, Chiconamel, Chicontepec, Chinameca, Chontla, Coahuitlán, Coatzintla, Comapa, Cosamaloapan de Carpio, Cosoleacaque, Coxquihui, Coyutla, Filomeno Mata, Gutiérrez Zamora, Ixcatepec, Ixhuatlán de Madero, Ixhuatlán del Sureste, Jáltipan, Jamapa, Jesús Carranza, La Antigua, Manlio Fabio Altamirano, Mecatlán, Mecayapan, Medellín, Minatitlán, Otatitlán, Oteapan, Ozuluama de Mascareñas, Pajapan, Pánuco, Paso de Ovejas, Paso del Macho, Platón Sánchez, Poza Rica de Hidalgo, Puente Nacional, San Juan Evangelista, Santiago Sochiapan, Sayula de Alemán, Soconusco, Soledad de Doblado, Soteapan, Tampico Alto, Tantoyuca, Tatahuicapan de Juárez, Tempoal, Tepetzintla, Tierra Blanca, Tlacojalpan, Tlacotalpan, Tuxtilla, Uxpanapa, Veracruz, Zaragoza y Zentla",68,13/12/2019,Hidráulico,18249,https://www.dof.gob.mx/nota_detalle.php?codigo=5582349&fecha=19/12/2019,18274,18283,SSPC/SPPPCCP/CNPC/DGGR/00362/2020,sin dato,2020
23,Chiapas,2019,Sequía severa ocurrida del 1 de diciembre del 2018 al 30 de noviembre del 2019 en 1 municipio del Estado de Chiapas y del 1 de mayo al 30 de noviembre del 2019 en 3 municipios de dicha entidad federativa,Hidrometeorológico,CONAGUA,B00.8.-804,"Chilón, Copainalá, Ocosingo y Palenque",4,13/12/2019,Hidráulico,18249,https://www.dof.gob.mx/nota_detalle.php?codigo=5582348&fecha=19/12/2019,18274,18283,sin dato,Este sector no presentó Diagnóstico Preliminar,2020
24,Quintana Roo,2019,Sequía severa ocurrida del 1 de mayo al 30 de noviembre del 2019 en 9 municipios del Estado de Quintana Roo y del 1 de diciembre de 2018 al 30 de noviembre del 2019 en 1 municipio de dicha entidad federativa,Hidrometeorológico,CONAGUA,B00.8.-808,"Bacalar, Benito Juarez, Felipe Carrillo Puerto, Isla Mujeres, José María Morelos, Lázaro Cárdenas, Othon P. Blanco, Puerto Morelos, Solidaridad y Tulum",10,17/12/2019,Hidráulico,18253,https://www.dof.gob.mx/nota_detalle.php?codigo=5582629&fecha=23/12/2019,18276,18285,sin dato,Este sector no presentó Diagnóstico Preliminar,2020
25,Oaxaca,2020,Sismo de magnitud 5.3 ocurrido el 16 de enero de 2020,Geológico,CENAPRED,E00-DG/0116/2020,Ciudad Ixtepec y San Pedro Comitancillo,2,24/01/2020,"Educativo, Vial Urbano y Vivienda",18291,https://www.dof.gob.mx/nota_detalle.php?codigo=5585163&fecha=30/01/2020,18299,18310,SSPC/SPPPCCP/CNPC/DGGR/00551/2020; SSPC/SPPPCCP/CNPC/DGGR/00697/2020,sin dato,2021
26,Oaxaca,2020,Incendio Forestal ocurrido del 25 al 26 de marzo de 2020,Incendio Forestal,CONAFOR,DG-205/2020,Santa María Jaltianguis,1,31/03/2020,Vivienda,18358,https://www.dof.gob.mx/nota_detalle.php?codigo=5591172&fecha=06/04/2020,18365,18379,sin dato,"Se remitió a la UPCP el oficio SSPC/SPPPCCP/CNPC/DGGR/01420/2020, a través del cual la SEDATU informó que los daños serán atendidos por la Entidad Federativa",2021
27,Quintana Roo,2020,Inundación pluvial ocurrida del 3 al 5 de junio de 2020,Hidrometeorológico,CONAGUA,B00.8.-214,"Bacalar, Felipe Carrillo Puerto, José María Morelos y Othón P. Blanco",4,08/06/2020,"Carretero, Educativo, Hidráulico, Naval, Salud, Vial Urbano y Vivienda",18425,https://www.dof.gob.mx/nota_detalle.php?codigo=5594907&fecha=12/06/2020,18446,18456,SSPC/SPPPCCP/CNPC/DGGR/02282/2020; SSPC/SPPPCCP/CNPC/DGGR/02280/2020; SSPC/SPPPCCP/CNPC/DGGR/02382/2020; SSPC/SPPPCCP/CNPC/DGGR/02214/2020; SSPC/SPPPCCP/CNPC/DGGR/02199/2020,sin dato,2021
28,Campeche,2020,Lluvia severa ocurrida del 30 de mayo al 5 de junio de 2020,Hidrometeorológico,CONAGUA,B00.8.-219,"Calakmul, Calkiní, Campeche, Candelaria, Carmen, Champotón, Escárcega; Hecelchakán, Hopelchén, Palizada, y Tenabo",11,09/06/2020,"Carretero, Deportivo, Educativo, Hidráulico, Naval, Vial Urbano y Vivienda",18428,https://www.dof.gob.mx/nota_detalle.php?codigo=5594966&fecha=15/06/2020,18449,18458,SSPC/SPPPCCP/CNPC/DGGR/02699/2020; SSPC/SPPPCCP/CNPC/DGGR/04103/2020; SSPC/SPPPCCP/CNPC/DGGR/02222/2020; SSPC/SPPPCCP/CNPC/DGGR/02340/2020; SSPC/SPPPCCP/CNPC/DGGR/02805/2020; SSPC/SPPPCCP/CNPC/DGGR/02389/2020;,sin dato,2021
29,Chiapas,2020,Lluvia severa el 3 de junio de 2020 en 7 municipios; lluvia severa el 3 de junio de 2020 e inundación pluvial del 3 al 5 de junio de 2020 en 1 municipio; lluvia severa el 3 de junio de 2020 e inundación fluvial del 3 al 5 de junio de 2020 en 4 municipios; lluvia severa el 3 y 4 de junio de 2020 e inundación fluvial del 3 al 5 de junio de 2020 en 3 municipios; e inundación fluvial del 3 al 5 de junio de 2020 en 4 municipios,Hidrometeorológico,CONAGUA,B00.8.-222,"Acapetahua, Amatenango del Valle, Berriozábal, Bochi, Coapilla, Copainalá, Francisco de León, La Trinitaria, Las Rosas, Mapastepec, Ocotepec, Pantepec, Socoltenango, Tapalapa, Tapilula, Tecpatán, Teopisca, Tzimol, y Villa Comaltitlán",19,10/06/2020,"Carretero, Carretero Rural, Educativo, Hidráulico, Naval, Vial Urbano y Vivienda",18429,https://www.dof.gob.mx/nota_detalle.php?codigo=5595025&fecha=16/06/2020,18450,18459,SSPC/SPPPPCCP/CNPC/DGGR/02221/2020; SSPC/SPPPCCP/CNPC/DGGR/02276/2020; SSPC/SPPPCCP/CNPC/DGGR/02341/2020; SSPC/SPPPCCP/CNPC/DGGR/02379/2020; SSPC/SPPPCCP/CNPC/DGGR/04120/2020; SSPC/SPPPCCP/CNPC/DGGR/02314/2020,sin dato,2021
30,Tabasco,2020,Lluvia severa el 3 y 4 de junio de 2020 e inundación pluvial del 3 al 5 de junio de 2020 en 1 municipio del Estado de Tabasco; y por inundación fluvial del 3 al 5 de junio de 2020 en 1 municipio de dicha entidad federativa,Hidrometeorológico,CONAGUA,B00.8.-224,Balancán y Teapa,2,11/06/2020,"Carretero, Educativo, Hidráulico, Vial Urbano y Vivienda",18430,https://www.dof.gob.mx/nota_detalle.php?codigo=5595126&fecha=17/06/2020,18451,18460,SSPC/SPPPCCP/CNPC/DGGR/04050/2020; SSPC/SPPPCCP/CNPC/DGGR/02313/2020,sin dato,2021
31,Yucatán,2020,"Lluvia severa del 31 de mayo al 5 de junio de 2020 e inundación pluvial del 31 de mayo al 7 de junio de 2020 en 49 municipios; lluvia severa del 31 de mayo al 5 de junio de 2020 en 24 municipios e inundación pluvial del 31 de mayo al 7 de junio de 2020 en 2 municipios, todos del Estado de Yucatán",Hidrometeorológico,CONAGUA,B00.8.-230,"Abalá, Acanceh, Akil, Baca, Bokobá, Buctzotz, Cacalchén, Cansahcab, Cantamayec, Celestún, Chacsinkín, Chankom, Chapab, Chicxulub Pueblo, Chichimilá, Chikindzonot, Chocholá, Chumayel, Dzán, Dzemul, Dzidzantún, Dzilam de Bravo, Dzilam González, Dzitás, Espita, Halachó, Hunucmá, Ixil, Izamal, Kantunil, Kaua, Kinchil, Kopomá, Maní, Maxcanú, Mocochá, Motul, Muna, Opichén, Oxkutzcab, Panabá, Peto, Progreso, Quintana Roo, Río Lagartos, Samahil, San Felipe, Santa Elena, Sinanché, Sucilá, Tahdziú, Tahmek, Tecoh, Tekantó, Tekax, Tekom, Telchac Pueblo, Telchac, Puerto, Temozón, Tepakán, Tetiz, Ticul, Tinum, Tixcacalcupul, Tixkokob, Tixpéhual, Tizimín, Tzucacab, Uayma, Ucú, Valladolid, Xocchel, Yaxcabá, Yaxkukul, y Yobaín",75,15/06/2020,"Carretero, Deportivo, Educativo, Hidráulico, Monumentos Arqueológicos, Naval, Residuos Sólidos, Salud, Vial Urbano, Vivienda y Zonas Costeras",18432,https://www.dof.gob.mx/nota_detalle.php?codigo=5595251&fecha=19/06/2020,18453,18464,SSPC/SPPPCCP/CNPC/DGGR/04155/2020; SSPC/SPPPCCP/CNPC/DGGR/02318/2020; SSPC/SPPPCCP/CNPC/DGGR/02399/2020; SSPC/SPPPCCP/CNPC/DGGR/02390/2020; SSPC/SPPPCCP/CNPC/DGGR/02562/2020; SSPC/SPPPCCP/CNPC/DGGR/02261/2020; SSPC/SPPPCCP/CNPC/DGGR/03366/2020,sin dato,2021
32,Tabasco,2020,Lluvia severa ocurrida los días 2 y 3 de junio de 2020,Hidrometeorológico,CONAGUA,B00.8.-231,Cárdenas,1,15/06/2020,Naval,18432,https://www.dof.gob.mx/nota_detalle.php?codigo=5595250&fecha=19/06/2020,18453,18464,SSPC/SPPPCCP/CNPC/DGGR/02223/2020,sin dato,2021
33,Oaxaca,2020,Sismo magnitud 7.4 el día 23 de junio de 2020,Geológico,CENAPRED,E00-DG/0663/2020,"Guevea de Humboldt, San Miguel Panixtla huaca, San Andrés Solaga, San Lorenzo Texmelucan, Santiago Atitlán, San Lucas Camotlan, San Pedro Comitancillo, San Miguel Quetzaltepec, San Francisco Telixtlahuaca, Santa María Alotepec, Santa María Guenagati, Mixistlán de la Reforma, Asunción Cacalotepec, Santa María Tlahuitoltepec, San Miguel del Río, Guelatao de Juárez, San Pedro Ocotepec, Magdalena Tlacotepec, Teococuilco de Marcos Pérez, Ixtlán de Juárez, San Juan Quiahije, Santiago Laollaga, Tamazulapam del Espiritu Santo, Santiago Tenango, Heróica Ciudad de Juchitán de Zaragoza, San Miguel Amatlán, San Pedro Cajonos, San Juan Chicomezuchil, Magdalena Apasco, Santa Catarina Juquila, Santa Maria Yavesia, Santa Ana Yareni, Villa Sola de Vega, San Pedro y San Pablo Ayutla, Santo Domingo Xagacía, Santa Catarina Ixtepeji, Santa Maria Mixtequilla, San Pedro Huilotepec, Santa María Tepantlali, Nazareno Etla, Santiago Yaitepec, Guadalupe Etla, San Juan Juquila Mixes, San Blás Atempa, Soledad Etla, San Pablo Etla, Santo Domingo Tepuxtepec, Santo Domingo Tehuantepec, Oaxaca De Juárez, Santa María Totolapilla, Santa María Atzompa, Tlalixtac de Cabrera, San Pablo Villa de Mitla, Santa Maria Sola, Santa Lucía del Camino, Tlacolula de Matamoros, Santa María Jalapa del Marqués, San Simón Almolongas, San Pedro Juchatengo, San Antonio de la Cal, San Lorenzo Albarradas, San Miguel Peras, Santa Cruz Xoxocotlan, Santiago Suchilquitongo, Santos Reyes Nopala, Cuilapam de Guerrero, Zimatlan de Álvarez, San Sebastián Coatlan, Santa Ana Tavela, San Raymundo Jalpan, Villa de Zaachila, San Jeronimo Tlacochahuaya, San Juan Lachigalla, San Pedro Ixtlahuaca, Nejapa de Madero, San Juan Lachao, San Sebastián Tutla, San Bartolo Coyotepec, Santa Cruz Mixtepec, San Pedro Quiatoni, San Pablo Huixtepec, San Martín Tilcajete, San Francisco Sola, Santo Tomás Jalieza, La Compañía, Nuevo Zoquiapam, San José del Progreso, San Juan Teitipac, Ocotlán de Morelos, Asuncion Ocotlan, San Agustin de las Juntas, San Pedro Martir, La Pe, San Dionisio Ocotlán, Santiago Matatlán, San Andres Ixtlahuaca, Santa Lucia Ocotlán, San Miguel Ejutla, Santa Catarina de Minas, Magdalena Tequisistlan, San Pedro Mixtepec, San Gabriel Mixtepec, Coatecas Altas, San Miguel Tenango, San Sebastian Rio Hondo, San Carlos Yautepec, Santa Cruz Xitla, Miahuatlán de Porfirio Díaz, Santa María Cototepec, Monjas, San Pablo Coatlan, San Pedro Mártir Quiechapa, Santa Catarina Cuixtla, San Luis Amatlán, San Andres Huayapam, Asunción Tlacolulita, San José Lachiguiri, Sitio de Xitlapehua, San Baltazar Loxicha, San Miguel Coatlán, San Francisco Logueche, Santa Catalina Quieri, Villa de Etla, Santa María Quiegolani, Santa María Ecatepec, Santa Lucía Miahuatlán, Santa Catarina Loxicha, San Bartolome Loxicha, San Cristobal Amatlán, San Ildefonso Amatlán, San José El Peñasco, Santiago Astata, San Sebastian Teitipac, Santa María Tonameca , Santo Domingo Ozolotepec, Santo Domingo de Morelos , San Agustin Loxicha , San Mateo Rio Hondo , Santa María Ozolotepec , San Pedro, Huamelula ,San Miguel Suchixtepec ,San Francisco Ozolotepec, San Pedro El Alto, Candelaria Loxicha ,San Marcial Ozolotepec, Pluma Hidalgo ,San Mateo Piñas, San Pedro Pochutla , San Miguel Del Puerto, Santa Maria Huatulco, Santo Tomas Tamazulapan, San Andres Paxtlan, San Juan Mixtepec, San Juan Ozolotepec, San Pedro ixtepec, Santa Catarina Quiouitani y Santiago Xanica",157,30/06/2020,"Carretero, Educativo, Hidráulico, Monumentos Arqueológicos, Naval, Salud, Turístico, Vial Urbano y Vivienda",18449,https://www.dof.gob.mx/nota_detalle.php?codigo=5596185&fecha=06/07/2020,18470,18479,SSPC/SPPPCCP/CNPC/DGGR/02643/2020; SSPC/SPPPCCP/CNPC/DGGR/02493/2020; SSPC/SPPPCCP/CNPC/DGGR/02698/2020; SSPC/SPPPCCP/CNPC/DGGR/02672/2020; SSPC/SPPPCCP/CNPC/DGGR/02720/2020,sin dato,2021
34,Tamaulipas,2020,Lluvia severa e inundación pluvial ocurrida los días 25 y 26 de julio de 2020,Hidrometeorológico,CONAGUA,B00.8.-279,"Gustavo Díaz Ordaz, Reynosa, y Valle Hermoso",3,30/07/2020,"Carretero, Deportivo, Educativo, Hidráulico, Vial Urbano y Vivienda",18479,https://www.dof.gob.mx/nota_detalle.php?codigo=5597860&fecha=05/08/2020,18500,18509,SSPC/SPPPCCP/CNPC/DGGR/03079/2020; SSPC/SPPPCCP/CNPC/DGGR/03148/2020; SSPC/SPPPCCP/CNPC/DGGR/03196/2020,sin dato,2021
35,Nuevo León,2020,"Lluvia severa, inundación pluvial e inundación fluvial ocurridas los días 25, 26 y 27 de julio de 2020",Hidrometeorológico,CONAGUA,B00.8.-285,"Abasolo, Allende, Anáhuac, Apodaca, Bustamante, Cadereyta Jiménez, Cerralvo, China, Doctor Coss, Doctor González, El Carmen, Galeana, García, General Bravo, General Escobedo, General Terán, Guadalupe, Hidalgo, Higueras, Hualahuises, lturbide, Lampazos de Naranjo, Linares, Los Aldamas, Los Herreras, Los Ramones, Marín, Melchor Ocampo, Mina, Montemorelos, Monterrey, Parás, Pesquería, Rayones, Sabinas Hidalgo, Salinas Victoria, San Nicolás de los Garza, San Pedro Garza García, Santa Catarina, Santiago y Villaldama",41,03/08/2020,"Carretero, Deportivo, Educativo, Hidráulico, Residuos Sólidos, Vial Urbano y Vivienda",18481,https://www.dof.gob.mx/nota_detalle.php?codigo=5598011&fecha=07/08/2020,18502,18513,SSPC/SPPPCCP/CNPC/DGGR/03160/2020; SSPC/SPPPCCP/CNPC/DGGR/03080/2020; SSPC/SPPPCCP/CNPC/DGGR/03222/2020; SSPC/SPPPCCP/CNPC/DGGR/04079/2020; SSPC/SPPPCCP/CNPC/DGGR/03376/2020,sin dato,2021
36,Durango,2020,"Lluvia severa, inundación pluvial e inundación fluvial ocurridas del 30 de julio al 1 de agosto de 2020",Hidrometeorológico,CONAGUA,B00.8.-305,"Cuencamé, Durango, Guadalupe Victoria, Mezquital, Otáez, Pánuco de Coronado, Peñón Blanco, Rodeo, San Bernardo, San Dimas, San Juan del Río, Tamazula y Tepehuanes",13,07/08/2020,"Carretero, Educativo, Vial Urbano y Vivienda",18487,https://www.dof.gob.mx/nota_detalle.php?codigo=5598267&fecha=13/08/2020,18508,18519,SSPC/SPPPCCP/CNPC/DGGR/04123/2020; SSPC/SPPPCCP/CNPC/DGGR/03162/2020; SSPC/SPPPCCP/CNPC/DGGR/03986/2020; SSPC/SPPPCCP/CNPC/DGGR/03292/2020,sin dato,2021
37,Veracruz,2020,Inundación pluvial el 9 y 10 de agosto de 2020,Hidrometeorológico,CONAGUA,B00.8.-319,Coyutla. Chumatlán y Espinal,3,17/08/2020,"Carretero, Educativo, Hidráulico, Vial Urbano y Vivienda",18495,https://www.dof.gob.mx/nota_detalle.php?codigo=5598865&fecha=21/08/2020,18516,18528,SSPC/SPPPCCP/CNPC/DGGR/03361/2020; SSPC/SPPPCCP/CNPC/DGGR/03378/2020; SSPC/SPPPCCP/CNPC/DGGR/03453/2020,sin dato,2021
38,Veracruz,2020,Movimiento de ladera del 7 al 10 de agosto de 2020,Geológico,CENAPRED,E00-DG/0761/2020,Filomena Mata y Mecatlán,2,18/08/2020,"Carretero, Hidráulico, Vial Urbano y Vivienda",18498,https://www.dof.gob.mx/nota_detalle.php?codigo=5598925&fecha=24/08/2020,18519,18529,SSPC/SPPPCCP/CNPC/DGGR/03362/2020; SSPC/SPPPCCP/CNPC/DGGR/03452/2020,sin dato,2021
39,Guerrero,2020,"Lluvia severa, inundación pluvial e inundación fluvial ocurridas del 24 al 27 de agosto de 2020",Hidrometeorológico,CONAGUA,B00.8.-334,"Azoyú, Benito Juárez, Coyuca de Benítez, Cuajinicuilapa, Igualapa, Juchitán, Ometepec, Coahuayutla de José María Izazaga, lliatenco, Tlacoachistlahuaca, Xochistlahuaca, Zihuatanejo de Azueta, Atoyac de Álvarez, La Unión de Isidoro Montes de Oca, Petatlán, Técpan de Cialeana, Acapulco de Juárez, Acatepec, Atlamajalcingo del Monte, Atlixtac, Chilpancingo de los Bravo, Cochoapa el Cirande, Cualác, Malinaltepec, Metlatónoc, Tlacoapa y Cuautepec",27,01/09/2020,"Carretero, Educativo, Hidráulico, Naval, Vial Urbano y Vivienda",18512,https://www.dof.gob.mx/nota_detalle.php?codigo=5599788&fecha=07/09/2020,18534,18543,SSPC/SPPPCCP/CNPC/DGGR/03664/2020; SSPC/SPPPCCP/CNPC/DGGR/03700/2020; SSPC/SPPPCCP/CNPC/DGGR/03587/2020; SSPC/SPPPCCP/CNPC/DGGR/03587/2020,sin dato,2021
40,Jalisco,2020,Lluvia severa del 27 al 28 de agosto de 2020 en 5 municipios y vientos fuertes el 27 de agosto de 2020 y lluvia severa del 27 al 28 de agosto de 2020,Hidrometeorológico,CONAGUA,B00.8.-340,"Tomatlán, Cabo Corrientes, Villa Purificación, Casimiro Castillo, Cuautitlán de García Barragán, Cihuatlán y La Huerta",7,03/09/2020,"Carretero, Deportivo, Educativo, Hidráulico, Naval, Vial Urbano y Vivienda",18514,https://www.dof.gob.mx/nota_detalle.php?codigo=5600005&fecha=09/09/2020,18536,18547,SSPC/SPPPCCP/CNPC/DGGR/03668/2020; SSPC/SPPPCCP/CNPC/DGGR/03701/2020; SSPC/SPPPCCP/CNPC/DGGR/03760/2020; SSPC/SPPPCCP/CNPC/DGGR/03652/2020; SSPC/SPPPCCP/CNPC/DGGR/03621/2020,sin dato,2021
41,Oaxaca,2020,"Lluvia severa, inundación pluvial e inundación fluvial del 27 al 28 de agosto de 2020",Hidrometeorológico,CONAGUA,B00.8.-343,"Candelaria Loxicha, Coicoyán de las Flores, Huautla de Jiménez, Loma Bonita, San Agustín Loxicha, San Andrés Cabecera Nueva, San Andrés Huaxpaltepec, San Andrés Teotilálpam, San Antonio Tepetlapa, San Francisco del Mar, San Francisco Ozolotepec, San Gabriel Mixtepec, San Jerónimo Coatlán, San Juan Bautista Valle Nacional, San Juan Comaltepec, San Juan Lachao, San Juan Ozolotepec, San Juan Quiahije, San Miguel Coatlán, San Miguel Suchixtepec, San Pedro Amuzgos, San Pedro Juchatengo, San Sebastián Coatlán, San Sebastián Tecomaxtlahuaca, Santa Cruz Zenzontepec, Santa María Temaxcaltepec, Santa María Yucuhiti, Santiago Juxtlahuaca, Santiago Niltepec, Santiago Pinotepa Nacional, Santos Reyes Nopala y Villa de Tututepec",32,04/09/2020,"Carretero, Educativo, Hidráulico, Vial Urbano y Vivienda",18515,https://www.dof.gob.mx/nota_detalle.php?codigo=5600087&fecha=10/09/2020,18537,18548,SSPC/SPPPCCP/CNPC/DGGR/03619/2020; SSPC/SPPPCCP/CNPC/DGGR/03699/2020; SSPC/SPPPCCP/DGGR/00644/2021; SSPC/SPPPCCP/CNPC/DGGR/03699/2020,sin dato,2021
42,Colima,2020,Lluvia severa e inundación fluvial e inundación pluvial del 26 al 28 de agosto de 2020,Hidrometeorológico,CONAGUA,B00.8.-346,"Armería, Tecomán y Manzanillo",3,07/09/2020,"Carretero, Educativo, Hidráulico, Naval, Vial Urbano, Vivienda y Zonas Costeras",18516,https://www.dof.gob.mx/nota_detalle.php?codigo=5600247&fecha=11/09/2020,18540,18549,SSPC/SPPPCCP/CNPC/DGGR/03620/2020; SSPC/SPPPCCP/CNPC/DGGR/03697/2020; SSPC/SPPPCCP/CNPC/DGGR/03669/2020; SSPC/SPPPCCP/CNPC/DGGR/03817/2020,sin dato,2021
43,Oaxaca,2020,Movimiento de ladera del 5 al 7 de septiembre de 2020,Geológico,CENAPRED,E00-DG/0861/2020,"San Agustín Loxicha, San Ildefonso Villa Alta y San Mateo Cajonos.",3,14/09/2020,"Carretero, Vial Urbano y Vivienda",18526,https://www.dof.gob.mx/nota_detalle.php?codigo=5600845&fecha=21/09/2020,18547,18556,SSPC/SPPCCP/CNPC/DGGR/03763/2020,sin dato,2021
44,Oaxaca,2020,"Lluvia severa, inundación fluvial y pluvial del 5 al 7 de septiembre de 2020",Hidrometeorológico,CONAGUA,B00.8.-353,"Santa María Jacatepec, San José Chiltepec, San Felipe Jalapa de Díaz, San Andrés Huaxpaltepec y San Lucas Ojitlán",5,17/09/2020,"Carretero, Educativo, Hidráulico, Vial Urbano y Vivienda",18528,https://www.dof.gob.mx/nota_detalle.php?codigo=5601047&fecha=23/09/2020,18549,18558,SSPC/SPPPCCP/CNPC/DGGR/03761/2020; SSPC/SPPPCCP/CNPC/DGGR/03731/2020,sin dato,2021
45,Durango,2020,Inundación fluvial del 11 al 15 de septiembre de 2020,Hidrometeorológico,CONAGUA,B00.8.-359,"Canatlán, Coneto de Comonfort, Durango, Mapími, Nazas, El Oro, Rodeo y Nuevo Ideal",8,21/09/2020,"Carretero, Hidráulico, Vial Urbano y Vivienda",18530,https://www.dof.gob.mx/nota_detalle.php?codigo=5601265&fecha=25/09/2020,18551,18562,SSPC/SPPPCCP/CNPC/DGGR/03782/2020; SSPC/SPPPCCP/CNPC/DGGR/03762/2020; SSPC/SPPPCCP/CNPC/DGGR/04119/2020;,sin dato,2021
46,Oaxaca,2020,Movimiento de ladera del 18 al 21 de septiembre de 2020,Geológico,CENAPRED,E00-DG/0907/2020,"Eloxochitlán de Flores Magón, Ixtlán de Juárez, San José Independencia, San Juan Petlapa, San Miguel Coatlán, Santa Catarina Juquila, Santiago Camotlán, Santiago Zacatepec, y Totontepec Villa de Morelos",9,29/09/2020,"Carretero, Educativo, Vial Urbano y Vivienda",18540,https://www.dof.gob.mx/nota_detalle.php?codigo=5601831&fecha=05/10/2020,18561,18570,SSPC/SPPPCCP/CNPC/DGGR/03784/2020; SSPC/CNPC/DGGR/00123/2021; SSPC/SPPPCCP/CNPC/DGGR/03826/2020,sin dato,2021
47,Oaxaca,2020,Inundación fluvial del 18 al 20 de septiembre de 2020,Hidrometeorológico,CONAGUA,B00.8.-368,"San Juan Comaltepec, San Juan Lalana, Santiago Choápam, Santiago Jocotepec y Santiago Juxtlahuaca",5,29/09/2020,"Carretero, Educativo, Vial Urbano y Vivienda",18540,https://www.dof.gob.mx/nota_detalle.php?codigo=5601830&fecha=05/10/2020,18561,18570,SSPC/SPPPCCP/CNPC/DGGR/03781/2020; SSPC/SPPPCCP/CNPC/DGGR/03830/2020; SSPC/SPPPCCP/CNPC/DGGR/03825/2020,sin dato,2021
48,Veracruz,2020,Movimiento de ladera del 29 al 30 de septiembre de 2020,Geológico,CENAPRED,E00-DG/0940/2020,Chiconquiaco,1,07/10/2020,"Carretero, Vial Urbano y Vivienda",18548,https://www.dof.gob.mx/nota_detalle.php?codigo=5602407&fecha=13/10/2020,18569,18578,SSPC/SPPPCCP/CNPC/DGGR/03860/2020; SSPC/SPPPCCP/CNPC/DGGR/03050/2020,sin dato,2021
49,Quintana Roo,2020,Huracán Delta (lluvia severa y vientos fuertes) los días 5 y 6 de octubre de 2020,Hidrometeorológico,CONAGUA,B00.8.-386,"Cozumel, Puerto Morelos, Solidaridad, Benito Juárez, Isla Mujeres y Lázaro Cárdenas",6,12/10/2020,"Deportivo, Educativo, Naval, Salud, Turístico, Vial Urbano y Vivienda",18551,https://www.dof.gob.mx/nota_detalle.php?codigo=5602947&fecha=16/10/2020,18572,18584,SSPC/SPPPCCP/CNPC/DGGR/03879/2020; SSPC/SPPPCCP/CNPC/DGGR/03949/2020; SSPC/CNPC/DGGR/00484/2021;,sin dato,2021
50,Chiapas,2020,"Lluvia severa, inundación pluvial e inundación fluvial del 1 al 3 de octubre de 2020",Hidrometeorológico,CONAGUA,B00.8.-387,"Ocotepec, Tecpatán, Ixtapangajoya, Chamula, Juárez, Salto de Agua, Zinacantán, Ostuacán, Pichucalco, Larráinzar y Ocosingo",11,12/10/2020,"Carretero, Carretero Rural, Hidráulico, Vial Urbano y Vivienda",18551,https://www.dof.gob.mx/nota_detalle.php?codigo=5602945&fecha=16/10/2020,18572,18584,SSPC/CNPC/DGGR/00335/2021; SSPC/CNPC/DGGR/00332/2021; SSPC/SPPPCCP/CNPC/DGGR/03983/2020; SSPC/SPPPCCP/CNPC/DGGR/03948/2020; SSPC/CNPC/DGGR/00336/2021; SSPC/SPPPCCP/CNPC/DGGR/04216/2020,sin dato,2021
51,Chiapas,2020,Movimiento de ladera del 1 al 4 de octubre de 2020,Geológico,CENAPRED,E00-DG/0958/2020,"Amatán, Amatenango de la Frontera, Angel Albino Corzo, Bella Vista, El Bosque, Copainalá, Chapultenango, Chilón, Francisco León, Huitiupán, Ixhuatán, Jitotol, Pichucalco, Solosuchiapa, Tapalapa, Tapilula, Tila, Villa Corzo y Santiago el Pinar",19,12/10/2020,"Carretero, Carretero Rural, Educativo, Hidráulico, Vial Urbano y Vivienda",18551,https://www.dof.gob.mx/nota_detalle.php?codigo=5602946&fecha=16/10/2020,18572,18584,SSPC/SPPPCCP/CNPC/DGGR/03880/2020; SSPC/SPPPCCP/CNPC/DGGR/03984/2020; SSPC/CNPC/DGGR/00333/2021; SSPC/CNPC/DGGR/00334/2021; SSPC/SPPPCCP/CNPC/DGGR/04009/2020; SSPC/SPPPCCP/CNPC/DGGR/03946/2020,sin dato,2021
52,Yucatán,2020,"Lluvia severa, Huracán """"Delta"""" Categoría 2 e inundación pluvial del 1 al 8 de octubre de 2020",Hidrometeorológico,CONAGUA,B00.8.-397,"Baca, Buctzotz, Calotmul, Celestún, Cenotillo, Chemax, Chichimilá, Cuncunul, Dzidzantún, Dzitás, Espita, Hunucmá, Izamal, Kanasín, Kaua, lxil, Mérida, Mocochá, Panabá, Progreso, Río Lagartos, San Felipe, Sanahcat, Sinanché, Sucilá, Telchac Puerto, Temax, Temozón, Tepakán, Tinum, Tixkokob, Tixpéhual, Tizimín, Tunkás, Uayma, Ucú, Valladolid y Yobaín",38,20/10/2020,"Carretero, Educativo, Naval, Pesquero y Acuícola, Vial Urbano y Vivienda",18561,https://www.dof.gob.mx/nota_detalle.php?codigo=5603508&fecha=26/10/2020,18583,18592,SSPC/SPPPCCP/CNPC/DGGR/04047/2020; SSPC/SPPPCCP/CNPC/DGGR/03985/2020; SSPC/SPPPCCP/CNPC/DGGR/04076/2020; SSPC/SPPPCCP/CNPC/DGGR/04014/2020,sin dato,2021
53,Quintana Roo,2020,Lluvia severa el 26 de octubre de 2020,Hidrometeorológico,CONAGUA,B00.8.-410,"Cozumel, Puerto Morelos, Solidaridad y Tulum",4,30/10/2020,"Deportivo, Educativo, Naval, Vial Urbano y Vivienda",18571,https://www.dof.gob.mx/nota_detalle.php?codigo=5604288&fecha=05/11/2020,18593,18604,SSPC/SPPPCCP/CNPC/DGGR/04099/2020; SSPC/SPPPCCP/CNPC/DGGR/04081/2020; SSPC/SPPPCCP/CNPC/DGGR/04158/2020,sin dato,2021
54,Tabasco,2020,Inundación fluvial e inundación pluvial el 29 de octubre de 2020,Hidrometeorológico,CONAGUA,B00.8.-414,"Cárdenas, Centro, Comalcalco, Cunduacán, Jalapa, Jalapa de Méndez, Macuspana, y Nacajuca",8,03/11/2020,"Carretero, Educativo, Hidráulico, Vial Urbano y Vivienda",18575,https://www.dof.gob.mx/nota_detalle.php?codigo=5604485&fecha=09/11/2020,18597,18606,SSPC/SPPPCCP/CNPC/DGGR/04097/2020; SSPC/SPPPCCP/CNPC/DGGR/04152/2020; SSPC/SPPPCCP/CNPC/DGGR/04116/2020,sin dato,2021
55,Chiapas,2020,Lluvia severa el 29 de octubre de 2020,Hidrometeorológico,CONAGUA,B00.8.-418,Reforma,1,05/11/2020,"Carretero, Hidráulico, Vial Urbano y Vivienda",18577,https://www.dof.gob.mx/nota_detalle.php?codigo=5604708&fecha=11/11/2020,18599,18610,SSPC/CNPC/1669/2020; SSPC/SPPPCCP/CNPC/DGGR/04157/2020,sin dato,2021
56,Chiapas,2020,Movimiento de ladera del 29 al 30 de octubre de 2020,Geológico,CENAPRED,E00-DG/1066/2020,"Amatán, Ixtapangajoya, Juárez, Pantelhó, Pantepec, Pichucalco, Sabanilla, Simojovel, Sitalá y San Andrés Duraznal",10,05/11/2020,"Carretero, Carretero Rural, Educativo, Hidráulico,Salud, Vial Urbano y Vivienda",18577,https://www.dof.gob.mx/nota_detalle.php?codigo=5604709&fecha=11/11/2020,18599,18610,SSPC/SPPPCCP/CNPC/DGGR/04159/2020; SSPC/SPPPCCP/CNPC/DGGR/04164/2020; SSPC/SPPPCCP/CNPC/DGGR/04121/2020,sin dato,2021
57,Veracruz,2020,"Lluvia severa, inundación fluvial y pluvial del 30 de octubre al 1 de noviembre de 2020",Hidrometeorológico,CONAGUA,B00.8.-423,Las Choapas y Moloacán,2,06/11/2020,"Carretero, Educativo, Hidráulico, Vial Urbano y Vivienda",18578,https://www.dof.gob.mx/nota_detalle.php?codigo=5604807&fecha=12/11/2020,18600,18611,SSPC/SPPPCCP/CNPC/DGGR/04117/2020; SSPC/SPPCCP/CNPC/DGGR/04153/2020; SSPC/CNPC/1662/2020; SSPC/SPPPCCP/CNPC/DGGR/04165/2020,sin dato,2021
58,Chiapas,2020,Lluvia severa el 5 y 6 de noviembre de 2020,Hidrometeorológico,CONAGUA,B00.8.-428,"Ocosingo, Ostuacán, Pichucalco, Salto de Agua, Tecpatán, Tila, Tumbalá y Yajalón",8,10/11/2020,"Carretero, Carretero Rural, Educativo, Hidráulico, Vial Urbano y Vivienda",18583,https://www.dof.gob.mx/nota_detalle.php?codigo=5605065&fecha=17/11/2020,18604,18613,SSPC/CNPC/1666/2020; SSPC/SPPPCCP/CNPC/DGGR/04168/2020; SSPC/SPPPCCP/CNPC/DGGR/04212/2020,sin dato,2021
59,Chiapas,2020,Inundación fluvial y pluvial el 5 y 6 de noviembre de 2020,Hidrometeorológico,CONAGUA,B00.8.-434,"Cintalapa, Coapilla, La Concordia, Chamula, Jiquipilas, Ocotepec, El Porvenir, Pueblo Nuevo Solistahuacán, Copainalá, Francisco León, Huitiupán, Ixtahuatán, Juárez, Oxchuc, Palenque, San Cristóbal de las Casas, Solosuchiapa, Mezcalapa y Chilón",19,12/11/2020,"Carretero, Carretero Rural, Educativo, Hidráulico, Salud, Vial Urbano y Vivienda",18585,https://www.dof.gob.mx/nota_detalle.php?codigo=5605307&fecha=19/11/2020,18606,18617,SSPC/SPPPCCP/CNPCC/DGGR/04163/2020; SSPC/SPPPCCP/CNPC/DGGR/04208/2020; SSPC/CNPC/1664/2020,sin dato,2021
60,Chiapas,2020,Movimiento de ladera del 5 al 6 de noviembre de 2020,Geológico,CENAPRED,E00-DG/1092/2020,"Aldama, Amatenango de la Frontera, Bella Vista, Bochil, El Bosque, Chanal, Chapultenango, Ixhuatán, Ixtacomitán, Jitotol, Larráinzar, Mitontic, Ocozocoautla de Espinosa, Rayón, Santiago el Pinar, Rincón Chamula San Pedro, Siltepec, Sunuapa, Tapalapa, Tapilula, Tenejapa",21,13/11/2020,"Carretero, Carretero Rural, Educativo, Hidráulico, Vial Urbano y Vivienda",18586,https://www.dof.gob.mx/nota_detalle.php?codigo=5605451&fecha=20/11/2020,18607,18618,SSPC/SPPPCCP/CNPC/DGGR/04166/2020; SSPC/CNPC/1661/2020; SSPC/SPPPCCP/CNPC/DGGR/04214/2020,sin dato,2021
61,Veracruz,2020,"Inundación fluvial los días 2, 5 y 6 de noviembre de 2020",Hidrometeorológico,CONAGUA,B00.8.-437,Minatitlán y Agua Dulce,2,13/11/2020,"Carretero, Hidráulico, Vial Urbano y Vivienda",18586,https://www.dof.gob.mx/nota_detalle.php?codigo=5605453&fecha=20/11/2020,18607,18618,SSPC/CNPC/1667/2020; SSPC/SPPPCCP/CNPC/DGGR/04213/2020,sin dato,2021
62,Tabasco,2020,Inundación fluvial y pluvial del 2 al 6 de noviembre de 2020,Hidrometeorológico,CONAGUA,B00.8.-436,"Huimanguillo, Tacotalpa y Teapa",3,13/11/2020,"Carretero, Educativo, Hidráulico, Vial Urbano y Vivienda",18586,https://www.dof.gob.mx/nota_detalle.php?codigo=5605452&fecha=20/11/2020,18607,18618,SSPC/SPPPCCP/CNPC/DGGR/04167/2020; SSPC/CNPC/1665/2020; SSPC/SPPPCCP/CNPC/DGGR/04209/2020,sin dato,2021
63,Tabasco,2020,Inundación fluvial el 10 de noviembre de 2020,Hidrometeorológico,CONAGUA,B00.8.-440,"Balancán, Centla, Emiliano Zapata, Jonuta y Tenosique",5,17/11/2020,"Carretero, Educativo, Hidráulico, Naval, Vial Urbano y Vivienda",18589,https://www.dof.gob.mx/nota_detalle.php?codigo=5605505&fecha=23/11/2020,18610,18619,SSPC/SPPPCCP/CNPC/DGGR/04215/2020; SSPC/CNPC/1668/2020,sin dato,2021
64,Chiapas,2020,Movimiento de ladera del 19 al 21 de noviembre de 2020,Geológico,CENAPRED,E00-DG/1147/2020,La Grandeza,1,30/11/2020,"Carretero, Vial Urbano y Vivienda",18600,https://www.dof.gob.mx/nota_detalle.php?codigo=5606771&fecha=04/12/2020,18624,18634,SSPC/CNPC/DGGR/00122/2021,sin dato,2021
65,Veracruz,2020,Inundación pluvial el 21 y 22 de noviembre de 2020,Hidrometeorológico,CONAGUA,B00.8.-455,Santiago Tuxtla,1,30/11/2020,"Carretero, Hidráulico, Vial Urbano y Vivienda",18600,https://www.dof.gob.mx/nota_detalle.php?codigo=5606772&fecha=04/12/2020,18624,18634,SSPC/CNPC/DGGR/00126/2021; SSPC/CNPC/DGGR/00034/2021,sin dato,2021
66,Chiapas,2020,Inundación fluvial el 19 de noviembre de 2020,Hidrometeorológico,CONAGUA,B00.8.-456,Catazajá,1,01/12/2020,"Carretero, Carretero Rural, Educativo, Hidráulico, Vial Urbano y Vivienda",18603,https://www.dof.gob.mx/nota_detalle.php?codigo=5606869&fecha=07/12/2020,18625,18635,SSPC/CNPC/DGGR/0010/2021; SSPC/CNPC/DGGR/00056/2021; SSPC/CNPC/DGGR/00119/2021;,sin dato,2021
67,Chihuahua,2020,Sequía severa del 1 de mayo al 30 de noviembre de 2020,Hidrometeorológico,CONAGUA,B00.8.-469,"Ahumada, Aldama, Ascensión, Bachíniva, Belleza, Batopilas, Bocoyna, Buenaventura, Carichí, Casas Grandes, La Cruz, Cuauhtémoc, Cusihuarachi, Chihuahua, Chínipas, Delicias, Doctor Belisario Domínguez, Galeana, Santa Isabel, Guachochi, Guadalupe, Guadalupe y Calvo, Guazapares, Guerrero, Huejotitán, Ignacio Zaragoza, Juárez, Maguarichi, Matachí, Meoqui, Morelos, Mori, Namiquiepa, Nonoava, Nuevo Casas Grandes, Ocampo, Praxedis G, Guerrero, Riva Palacio, Rosales, Rosario, San Francisco de Borja, San Francisco de Conchos, Satevó, Saucillo, Temósachic, El Tule, Urique y Uruachi",48,18/12/2020,Hidráulico,18620,https://www.dof.gob.mx/nota_detalle.php?codigo=5608668&fecha=24/12/2020,18645,18654,SSPC/CNPC/DGGR/00233/2021,sin dato,2021
68,Baja California Sur,2020,Sequía severa del 1 de mayo al 30 de noviembre de 2020,Hidrometeorológico,CONAGUA,B00.8.-472,Comundú y Loreto,2,18/12/2020,Hidráulico,18620,https://www.dof.gob.mx/nota_detalle.php?codigo=5608667&fecha=24/12/2020,18645,18654,sin dato,Este sector no presentó Diagnóstico de Obras y Acciones.,2021
69,Durango,2020,Sequía severa del 1 de mayo al 30 de noviembre de 2020,Hidrometeorológico,CONAGUA,B00.8.-471,"Guanaceví, Lerdo, Mapimí y San Pedro del Gallo",4,18/12/2020,Hidráulico,18620,https://www.dof.gob.mx/nota_detalle.php?codigo=5608669&fecha=24/12/2020,18645,18654,SSPC/CNPC/DGGR/00270/2021,sin dato,2021
70,Sinaloa,2020,Sequía severa del 1 de mayo al 30 de noviembre de 2020,Hidrometeorológico,CONAGUA,B00.8.-468,"Angostura, Badiraguato, Culiacán, Elota, Escuinapa, El Fuerte, Guasave, Mazatlán, Mocorito, Rosario, Salvador Alvarado, San Igancio, Sinaloa y Navolato",14,18/12/2020,Hidráulico,18620,https://www.dof.gob.mx/nota_detalle.php?codigo=5608670&fecha=24/12/2020,18645,18654,SSPC/CNPC/DGGR/00281/2021,sin dato,2021
71,Sonora,2020,Sequía severa del 1 de mayo al 30 de noviembre de 2020,Hidrometeorológico,CONAGUA,B00.8.-467,"Aconchi, Alamos, Altar, Arivechi, Arizpe, Atil, Bacoachi, Bácum, Banámichi, Baviácora, Caborca, Cajeme, Corbó, La Colorada, Cumpas, Empalme, Etchojoa, Guaymas, Hermosillo, Huépac, Mazatán, Moctezuma, Nácori Chico, Nacozari de García, Navojoa, Onovas, Opodepe, Oquitoa, Pitiquito, Quiriego, Rayón, Sahuaripa, San Felipe de Jesús, San Miguel de Horcasitas, San Pedro de la Cueva, Santa Ana, Suaqui Grande, Tubutama, Ures, Villa Pesqueira, General Plutarco Elías Calles, Benito Juárez y San Ignacio Rio Muerto",43,18/12/2020,Hidráulico,18620,https://www.dof.gob.mx/nota_detalle.php?codigo=5608671&fecha=24/12/2020,18645,18654,SSPC/CNPC/DGGR/00269/2021,sin dato,2021
72,Nuevo León,2021,Incendio Forestal del 13 de marzo al 5 de abril de 2021,Incendio Forestal,CONAFOR,DG-218/2021,"Linares, Montemorelos y Santiago",3,13/04/2021,Forestal y de Viveros,18736,https://dof.gob.mx/nota_detalle.php?codigo=5616189&fecha=19/04/2021,18757,18766,sin dato,"Esta Dirección General remitió una solicitud no procendete a la CONAFOR, debido a que las acciones no se apegaba a la normatividad aplicable.",2022
73,Oaxaca,2021,Lluvia y granizada severas el 17 de mayo de 2021,Hidrometeorológico,CONAGUA,B00.8.-128,San Pedro Totolápam y Magdalena Yodoconode Porfirio Díaz,2,24/05/2021,"Carretero, Educativo, Hidráulico y Vivienda",18775,https://dof.gob.mx/nota_detalle.php?codigo=5619633&fecha=28/05/2021,18796,18807,SSPC/SPPPCCP/CNPC/DGGR/01257/2021; SSPC/SPPPCCP/CNPC/DGGR/01236/2021,sin dato,2022
74,Oaxaca,2021,"Lluvia severa, inundación fluvial y pluvial el 15 y 16 de junio de 2021",Hidrometeorológico,CONAGUA,B00.8.-154,"Guevea de Humboldt, Juchitán de Zaragoza, San Juan Cotzocón, San Pedro Comitancillo, Santa María Guienagati, Santa María Xadani, y Asunción Ixtaltepec",7,24/06/2021,"Carretero, Hidráulico y Vivienda",18808,https://dof.gob.mx/nota_detalle.php?codigo=5622567&fecha=30/06/2021,18829,18838,SSPC/SPPPCCP/CNPC/DGGR/01441/2021; SSPC/SPPPCCP/CNPC/DGGR/01403/2021,sin dato,2022
75,Chiapas,2021,Lluvia Severa el 25 de junio de 2021,Hidrometeorológico,CONAGUA,B00.8.-161,Huixtla,1,30/06/2021,"Carretero, Carretero Rural, Hidráulico y Vial Urbano",18814,https://dof.gob.mx/nota_detalle.php?codigo=5622985&fecha=06/07/2021,18821,18830,SSPC/SPPPCCP/CNPC/DGGR/01385/2021; SSPC_SPPPCCP/CNPC/DGGR/01366/2021; SSPC/SPPPCCP/CNPC/DGGR/01400/2021,sin dato,2022
76,Oaxaca,2021,Movimiento de ladera del 6 al 7 de julio de 2021,Geológico,CENAPRED,SSPC/CENAPRED/DG/00443/2021,San Lorenzo Texmelúcan,1,14/07/2021,Carretero y Vivienda,18828,https://dof.gob.mx/nota_detalle.php?codigo=5624311&fecha=20/07/2021,18835,18844,SSPC/SPPPCCP/CNPC/DGGR/01491/2021; SSPC/SPPPCCP/CNPC/DGGR/01465/2021,sin dato,2022
77,Tamaulipas,2021,Lluvia severa e inundación pluvial el 8 y el 9 de julio de 2021,Hidrometeorológico,CONAGUA,B00.8.-180,Matamoros,1,15/07/2021,"Hidráulico, Naval, Vial Urbano y Vivienda",18829,https://dof.gob.mx/nota_detalle.php?codigo=5624451&fecha=21/07/2021,18850,18859,SSPC/SPPPCCP/CNPC/DGGR/02054/2021; SSPC/SPPPCCP/CNPC/DGGR/01576/2021; SSPC/SPPPCCP/CNPC/DGGR/02052/2021; SSPC/SPPPCCP/CNPC/DGGR/01507/2021,sin dato,2022
78,Puebla,2021,"Huracán """"Grace"""" categoría 2 (lluvia severa) el 21 de agosto de 2021",Hidrometeorológico,CONAGUA,B00.8.-208,"Ahuacatlán, Ahuazotepec, Amixtlán, Aquixtla, Ayotoxco de Guerrero, Camocuautla, Caxhuacan, Chiconcuautla, Chignahuapan, Honey, Coatepec, Cuautempan, Cuetzalan del Progreso, Cuyoaco, Hermenegildo Galeana, Huauchinango, Huehuetla, Hueyapan, Hueytamalco, Huitzilan de Serdán, Atlequizayan, lxtacamaxtitlán, lxtepec, Jalpan, Jonotla, Jopala, Juan Galindo, Naupan, Nauzontla, Olintla, Pahuatlán, Pantepec, San Felipe Tepatlán, Tenampulco, Tepango de Rodríguez, Tepetzintla, Tetela de Ocampo, Tlacuilotepec, Tlaola, Tlapacoya, Tlatlauquitepec, Tuzamapan de Galeana, Venustiano Carranza, Xicotepec, Xiutetelco, Xochiapulco, Xochitlán de Vicente Suárez, Yaonáhuac, Zacapoaxtla, Zacatlán, Zapotitlán de Méndez, Zautla, Zongozotla y Zoquiapan.",54,30/08/2021,"Carretero, Educativo, Hidráulico y Salud",18876,https://dof.gob.mx/nota_detalle.php?codigo=5628891&fecha=06/09/2021,18912,18928,SSPC/SPPPCCP/CNPC/DGGR/02366/2021; SSPC/SPPPCCP/CNPC/DGGR/02329/2021; SSPC/SPPPCCP/CNPC/DGGR/02451/2021,sin dato,2022
79,Hidalgo,2021,"Lluvia Severa, vientos fuertes e inundación pluvial y fluvial el 21 y 22 de agosto de 2021",Hidrometeorológico,CONAGUA,B00.8.-209,"Acaxochitlán, Agua Blanca de Iturbide, Atlapexco, Calnali, Cuautepec de Hinojosa, Chapulhuacán, Eloxochitlán, Huautla, Huazalingo, Huehuetla, Huejutla de Reyes, Lolotla, Metztitlán, La Misión, Molango de Escamilla, San Felipe Orizatlán, Pisaflores, Mineral de la Reforma, San Bartolo Tutotepec, Tenango de Doria, Tepehuacán de Guerrero, Tianguistengo, Tlanchinol, Tulancingo de Bravo, Xochiatipan, Xochicoatlán, Yahualica y Zacualtipán de Ángeles",27,30/08/2021,"Carretero, Educativo, Hidráulico y Salud",18876,https://dof.gob.mx/nota_detalle.php?codigo=5628890&fecha=06/09/2021,18899,18915,SSPC/SPPPCCP/CNPC/DGGR/02233/2021; SSPC/SPPPCCP/CNPC/DGGR/02458/2021,sin dato,2022
80,Veracruz,2021,"Huracán """"Grace"""" (lluvia severa), inundación pluvial y fluvial del 20 al 24 deagosto del 2021",Hidrometeorológico,CONAGUA,B00.8.02.-029,"Actopan, Alto Lucero de Gutiérrez Barrios, Banderilla, Cazones de Herrera, Cerro Azul, Coacoatzintla, Coahuitlán, Coatepec, Coxquihui, Coyutla, Chalma, Chiconquiaco, Chicontepec, Chumatlán, Espinal, Filomeno Mata, Huayacocotla, Ilamatlán, Ixhuatlán de, Madero, Xalapa, Jilotepec, Mecatlán, Miahuatlán, Misantla, Naolinco, Nautla, Platón Sánchez, Poza Rica de Hidalgo, Tantoyuca, Castillo de Teayo, Álamo Temapache, Tempoal, Tenochtitlán, Texcatepec, Tlachichilco, Tonayán, Tuxpan, Vega de Alatorre, Zacualpan, Zongolica, Zontecomatlán de López y Fuentes, Zozocolco de Hidalgo, San Rafael",43,02/09/2021,"Carretero, Educativo, Forestal y de Viveros, Hidráulico, Naval, Vial Urbano y Vivienda",18879,https://dof.gob.mx/nota_detalle.php?codigo=5629266&fecha=09/09/2021,18915,18933,SSPC/SPPPCCP/CNPC/DGGR/02356/2021; SSPC/SPPPCCP/CNPC/DGGR/02657/2021; SSPC/SPPPCCP/CNPC/DGGR/02497/2021,sin dato,2022
81,Veracruz,2021,Movimiento de ladera del 20 al 24 de agosto del 2021,Geológico,CENAPRED,SSPC/CENAPRED/DG/00746/2021,"Huayacocotla, Jilotepec, Miahuatlán, Texcatepec, Tlilapany Zontecomatlán de López y Fuentes",6,02/09/2021,Forestal y de Viveros,18879,https://dof.gob.mx/nota_detalle.php?codigo=5629265&fecha=09/09/2021,18915,18933,sin dato,"Esta Dirección General remitió una solicitud no procendete a la CONAFOR, debido a que las acciones no se apegaba a la normatividad aplicable",2022
82,Sinaloa,2021,Huracán “Nora” Categoría 1(Lluvia severa y vientos fuertes) del 28 y al 30 de agosto del 2021,Hidrometeorológico,CONAGUA,B00.8.02.-031,"Concordia, Culiacán, Elota, Escuinapa, Mazatlán, Rosario y San Ignacio",7,06/09/2021,"Carretero, Cultura, Educativo, Hidráulico, Naval y Pesquero y Acuícola",18883,https://dof.gob.mx/nota_detalle.php?codigo=5629548&fecha=13/09/2021,18919,18935,SSPC/SPPPCCP/CNPC/DGGR/02389/2021; SSPC/SPPPCCP/CNPC/DGGR/02404/2021; SSPC/SPPPCCP/CNPC/DGGR/02659/2021,sin dato,2022
83,Michoacán,2021,"Huracán """"Nora"""" Categoría 1 (lluvia severa ), inundación pluvial y fluvial del 27 al 29 de agosto del 2021",Hidrometeorológico,CONAGUA,B00.8.02.-032,"Arteaga, Lázaro Cárdenas, Tumbiscatío, La Huacana",4,06/09/2021,"Carretero, Educativo, Hidráulico y Naval",18883,https://dof.gob.mx/nota_detalle.php?codigo=5629547&fecha=13/09/2021,18919,18935,SSPC/SPPPCCP/CNPC/DGGR/02367/2021; SSPC/SPPPCCP/CNPC/DGGR/02499/2021; SSPC/SPPPCCP/CNPC/DGGR/02406/2021; SSPC/SPPPCCP/CNPC/DGGR/02666/2021; SSPC/SPPPCCP/CNPC/DGGR/02590/2021,sin dato,2022
84,Colima,2021,"Huracán (lluvia severa), inundación fluvial y pluvial el 28 y el 29 de agosto de 2021",Hidrometeorológico,CONAGUA,B00.8.02.-218,"Armería, Cómala, Coquimatlán, Manzanillo, Minatitlán, Tecomán y Villa de Álvarez",7,08/09/2021,"Carretero, Educativo, Hidráulico, Naval y Zonas Costeras",18885,https://dof.gob.mx/nota_detalle.php?codigo=5629989&fecha=15/09/2021,18921,18939,SSPC/SPPPCCP/CNPC/DGGR/02414/2021; SSPC/SPPPCCP/CNPC/DGGR/00009/2022; SSPC/SPPPCCP/CNPC/DGGR/02608/2021,sin dato,2022
85,Jalisco,2021,"Huracán (Lluvia severa), inundación fluvial y vientos fuertes el 28 y 29 de agosto de 2021",Hidrometeorológico,CONAGUA,B00.8.02.-033,"Puerto Vallarta, Cabo Corrientes, Tomatlán, La Huerta, Cihuatlán, Talpa de Allende, Autlán de Navarro, Casimiro Castillo, El Grullo, Cuautitlán de García Barragán, Mascota, San Gabriel, Santa María del Oro, Atoyac, Atenguillo, Villa Purificación, Mixtlán, Zapotlán el Grande, El limón y Ejutla",20,09/09/2021,"Carretero, Educativo, Hidráulico, Naval y Pesquero y Acuícola",18887,https://dof.gob.mx/nota_detalle.php?codigo=5630085&fecha=17/09/2021,18922,18940,SSPC/SPPPCCP/CNPC/DGGR/02424/2021; SSPC/SPPPCCP/CNPC/DGGR/02664/2021,sin dato,2022
86,Nayarit,2021,"Huracán """"Nora"""" Categoría 1 (lluvia severa) e inundación fluvial del 28 al 30 de agosto de 2021",Hidrometeorológico,CONAGUA,B00.8.-221,"San Blas, Huajicori, Rosamorada, Santiago Ixcuintla, Acaponeta, Tecuala y Tuxpan",7,10/09/2021,"Carretero, Hidráulico, Naval, Pesquero y Acuícola y Salud",18890,https://dof.gob.mx/nota_detalle.php?codigo=5630208&fecha=20/09/2021,18925,18941,SSPC/SPPPCCP/CNPC/DGGR/02457/2021; SSPC/SPPPPCCP/CNPC/DGGR/02622/2021; SSPC/SPPPCP/CNPC/DGGR/02643/2021,sin dato,2022
87,Guerrero,2021,Sismo con magnitud 7.1 el 7 de septiembre de 2021,Geológico,CENAPRED,SSPC/CENAPRED/DG/00797/2021,"Acapulco de Juárez, Acatepec, Atoyac de Álvarez, Ayutla de los Libres, Chilapa de Álvarez, Chilpancingo de los Bravo, Coyuca de Benítez, Eduardo Neri, José Joaquín de Herrera, Juan R. Escudero, Mártir de Cuilapan, Mochitlán, San Marcos, Tecoanapa, Tixtla de Guerrero, y Tlacoapa",16,14/09/2021,"Carretero, Educativo, Monumentos Arqueológicos y Naval",18892,https://dof.gob.mx/nota_detalle.php?codigo=5630547&fecha=22/09/2021,18920,18936,SSPC/SPPPCCP/CNPC/DGGR/02388/2021; SSPC/SPPPCCP/CNPC/DGGR/02405/2021; SSPC/SPPPCCP/CNPC/DGGR/02402/2021,sin dato,2022
88,Hidalgo,2021,Inundación fluvial y lluvia severa del 6 al 8 de septiembre de 2021,Hidrometeorológico,CONAGUA,B00.8.02.-035,"Chilcuautla, Ixmiquilpan, Mixquiahuala de Juárez, Tasquillo, Tepeji del Río de Ocampo, Tezontepec de Aldama, Tlahuelilpan, Tlaxcoapan y Tula de Allende",9,15/09/2021,"Carretero, Cultura, Educativo, Hidráulico y Salud",18893,https://dof.gob.mx/nota_detalle.php?codigo=5630649&fecha=23/09/2021,18928,18947,SSPC/SPPPCCP/CNPC/DGGR/02455/2021,sin dato,2022
89,Baja California Sur,2021,"Inundación pluvial, lluvia severa y vientos fuertes el 9 y 10 de septiembre de 2021",Hidrometeorológico,CONAGUA,B00.8.-235,La Paz y Los Cabos,2,20/09/2021,"Carretero, Deportivo, Educativo, Hidráulico, Naval y Turístico",18897,https://dof.gob.mx/nota_detalle.php?codigo=5630911&fecha=27/09/2021,18932,18949,SSPC/SPPPCCP/CNPC/DGGR/02459/2021; SSPC/SPPPCCP/CNPC/DGGR/02609/2021,sin dato,2022
90,Zacatecas,2021,Inundación fluvial el 16 y 17 de septiembre de 2021,Hidrometeorológico,CONAGUA,B00.8.02.-038,Cuauhtémoc y Genaro Codina,2,21/09/2021,"Hidráulico, Vial Urbano y Vivienda",18901,https://dof.gob.mx/nota_detalle.php?codigo=5631473&fecha=01/10/2021,18936,18954,SSPC/SPPPCCP/CNPC/DGGR/02498/2021,sin dato,2022
91,Nayarit,2021,Lluvia severa e inundación fluvial del 13 al 15 de octubre de 2021,Hidrometeorológico,CONAGUA,B00.8.02-044,"Acaponeta, Tecuala, Huajicori, Tuxpan, Rosamorada, Ruíz y Santiago Ixcuintla",7,21/10/2021,"Carretero, Deportivo, Educativo, Hidráulico, Pesquero y Acuícola, Vial Urbano y Vivienda",18928,https://dof.gob.mx/nota_detalle.php?codigo=5633945&fecha=28/10/2021,18964,18982,SSPC/SPPPCP/CNPC/DGGR/02644/2021; SSPC/SPPPCP/CNPC/DGGR/02658/2021,sin dato,2022
92,Guerrero,2021,"Lluvia severa, vientos fuertes, inundación fluvial e inundación pluvial del24 al 25 de octubre de 2021",Hidrometeorológico,CONAGUA,B00.8.02.-047,"Benito Juárez, Coahuayutla de José María Izazaga, La Unión de Isidoro Montes de Oca, Petatlán, Técpan de Galeana y Zihuatanejo de Azueta",6,02/11/2021,"Carretero, Educativo, Naval y Turístico",18940,https://dof.gob.mx/nota_detalle.php?codigo=5634791&fecha=09/11/2021,18974,18990,SSPC/SPPPCCP/CNPC/DGGR/02640/2021; SSPC/SPPPCCP/CNPC/DGGR/02665/2021; SSPC/SPPPCCP/CNPC/DGGR/02672/2021,sin dato,2022
93,Guanajuato,2021,Inundación fluvial del 5 de septiembre al 28 de octubre de 2021,Hidrometeorológico,CONAGUA,B00.8.02.-049,Abasolo,1,02/11/2021,"Carretero, Educativo, Hidráulico, Vial Urbano y Vivienda",18940,https://dof.gob.mx/nota_detalle.php?codigo=5634790&fecha=09/11/2021,18976,18992,SSPC/SPPPCCP/CNPC/DGGR/02656/2021; SSPC/SPPPCCP/CNPC/DGGR/02671/2021; SSPC/SPPPCCP/CNPC/DGGR/02642/2021,sin dato,2022
94,Chiapas,2022,Lluvia severa el 7 el abril del 2022,Hidrometeorológico,CONAGUA,B00.8.-084,Amatán,1,19/04/2022,Carretero e Hidráulico,19108,https://dof.gob.mx/nota_detalle.php?codigo=5650105&fecha=26/04/2022,19130,19146,SSPC/SPPPCCP/CNPC/DGGR/00603/2022; SSPC/SPPPCCP/CNPC/DGGR/00705/2022;,sin dato,2023
95,Chiapas,2022,Movimiento de ladera el 8 de abril de 2022,Geológico,CENAPRED,SSPC/CENAPRED/DG/00513/2022,Amatán,1,19/04/2022,Educativo e Hidráulico,19108,https://dof.gob.mx/nota_detalle.php?codigo=5650106&fecha=26/04/2022,19137,19153,SSPC/SPPPCCP/CNPC/DGGR/00630/2022;,sin dato,2023
96,Oaxaca,2022,"Lluvia severa, vientos fuertes, inundación pluvial e inundación fluvial del 29 al 31 de mayo de 2022",Hidrometeorológico,CONAGUA,B00.8.02.-069,"Asunción Tlacolulita, Candelaria Loxicha, Pluma Hidalgo, San Agustín Loxicha, San Bartolomé Loxicha, San Carlos Yautepec, San Francisco Ozolotepec, San Marcial Ozolotepec, San Mateo Piñas, San Miguel del Puerto, San Pedro el Alto, San Pedro Pochutla, Santa María Colotepec, Santa María Huatulco, Santa María Quiegolani, Santa María Tonameca, Santiago Xanica, Santo Domingo de Morelos, Miahuatlán de Porfirio Díaz, San Andrés Paxtlán, San Cristóbal Amatlán, San Gabriel Mixtepec, San Juan Lachao, San Juan Ozolotepec, San Mateo Río Hondo, San Miguel Chimalapa, San Miguel Suchixtepec, San Pedro Huamelula, San Pedro Mixtepec Distrito 22, Santa Catarina Juquila, Santa María Jalapa del Marqués, Santa María Ozolotepec, Santa María Temaxcaltepec, Santiago Astata, Santo Domingo Ingenio, Santo Domingo Ozolotepec, Santos Reyes Nopala y Villa de Tututepec.",38,07/06/2022,"Carretero, Educativo, Hidráulico, Naval y Turístico",19157,https://dof.gob.mx/nota_detalle.php?codigo=5654970&fecha=14/06/2022,19192,19208,SSPC/SPPPCCP/CNPC/DGGR/00935/2022; SSPC/SPPPCCP/CNPC/DGGR/00947/2022;,sin dato,2023
97,Oaxaca,2022,Movimiento de Ladera del 29 al 31 de mayo de 2022,Geológico,CENAPRED,SSPC/CENAPRED/DG/00817/2022,"San Cristóbal Amatlán, San Francisco Ozolotepec, San Juan Ozolotepec, San Marcial Ozolotepec, San Mateo Piñas, San Mateo Río Hondo, San Miguel Chimalapa, San Pedro Pochutla, Santa María Tonameca y Santiago Xanica",10,07/06/2022,sin dato,19157,https://dof.gob.mx/nota_detalle.php?codigo=5654971&fecha=14/06/2022,19192,19208,sin dato,Las dependencias no presentaron Diagnósticos de Obras y Acciones,2023
98,Chiapas,2022,Lluvia severa el 20 de junio de 2022,Hidrometeorológico,CONAGUA,B00.8.-137,Sitalá,1,29/06/2022,Carretero e Hidráulico,19198,https://dof.gob.mx/nota_detalle.php?codigo=5659088&fecha=25/07/2022,19200,19216,SSPC/SPPPCCP/CNPC/DGGR/00969/2022,sin dato,2023
99,Veracruz,2022,Movimiento de ladera del 20 al 23 de junio de 2022,Geológico,CENAPRED,SSPC/CENAPRED/DG/00965/2022,"Atlahuilco, Los Reyes, Soledad Atzompa, Tequila, Texhuacán y Zongolica",6,30/06/2022,Educativo e Hidráulico,19198,https://dof.gob.mx/nota_detalle.php?codigo=5659090&fecha=25/07/2022,19215,19233,SSPC/SPPPCCP/CNPC/DGGR/001004/2022,sin dato,2023
100,Veracruz,2022,"Lluvia severa, inundación pluvial y fluvial del 21 al 23 de junio de 2022",Hidrometeorológico,CONAGUA,B00.8.02.-079,"Las Choapas, Mixtla de Altamirano y Zongolica",3,30/06/2022,Carretero y Educativo,19198,https://dof.gob.mx/nota_detalle.php?codigo=5659089&fecha=25/07/2022,19215,19233,"SSPC/SPPPCCP/CNPC/DGGR/01011/2022, SSPC/SPPPCCP/CNPC/DGGR/01015/2022,",sin dato,2023
101,Veracruz,2022,Movimiento de ladera del 26 al 28 de julio de 2022,Geológico,CENAPRED,SSPC/CENAPRED/DG/01151/2022,Tequila,1,05/08/2022,sin dato,19216,https://www.dof.gob.mx/nota_detalle.php?codigo=5661110&fecha=12/08/2022,19254,19270,sin dato,Las dependencias no presentaron Diagnosticos de Obras y Acciones,2023
102,Baja California Sur,2022,Lluvia severa e inundación fluvial los días 2 y 3 de septiembre 2022,Hidrometeorológico,CONAGUA,B00.8.02.-106,"Mulegé ,La Paz y Los Cabos",3,13/09/2022,"Carretero, Educativo, Forestal y de Viveros, y Naval",19256,https://www.dof.gob.mx/nota_detalle.php?codigo=5665076&fecha=21/09/2022,19277,19293,"SSPC/CNPC/DGGR/01263/2022, SSPC/CNPC/DGGR/01281/2022",sin dato,2023
103,Baja California Sur,2022,"Lluvia severa, vientos fuertes e inundación fluvial del 7 al 9 de septiembre de 2022",Hidrometeorológico,CONAGUA,B00.8.-230,"La Paz, Comondú y Mulegé",3,22/09/2022,"Carretero, Deportivo, Educativo, Hidráulico y Naval",19262,https://www.dof.gob.mx/nota_detalle.php?codigo=5665514&fecha=27/09/2022,19285,19303,"SSPC/CNPC/DGGR/01291/2022, SSPC/CNPC/DGGR/01295/2022, SSPC/CNPC/DGGR/01345/2022,",sin dato,2023
104,Baja California,2022,Inundación pluvial y lluvia severa del 8 al 11 de septiembre de 2022,Hidrometeorológico,CONAGUA,B00.8.-233,"Mexicali, Tecate, San Felipe, Ensenada, San Quintín y Playas de Rosarito",6,21/09/2022,"Carretero, Educativo, Hidráulico, Naval y Pesquero",19263,https://www.dof.gob.mx/nota_detalle.php?codigo=5665709&fecha=28/09/2022,19298,19314,"SSPC/CNPC/DGGR/01358/2022, SSPC/CNPC/DGGR/01393/2022,",sin dato,2023
105,Colima,2022,Sismo magnitud 7.7 el 19 de septiembre de 2022,Geológico,CENAPRED,SSPC/CENAPRED/DG/01427/2022,"Armería, Colima, Comalá, Coquimatlán, Cuauhtémoc, Ixtlahuacán, Manzanillo, Minatitlán, Tecomán, Villa de Álvarez",10,23/09/2022,"Carretero, Cultura, Deportivo, Educativo, Monumentos Arqueológicos, Artísticos e Históricos, Naval y Salud",19265,https://www.dof.gob.mx/nota_detalle.php?codigo=5666009&fecha=30/09/2022,19300,19318,"SSPC/CNPC/DGGR/01357/2022, SSPC/CNPC/DGGR/01394/2022,",sin dato,2023
106,Michoacán,2022,Sismo magnitud 7.7 el 19 de septiembre de 2022,Geológico,CENAPRED,SSPC/CENAPRED/DG/01426/2022,"Aquila, Chinicuila, Coahuayana, Coalcomán de Vázquez Pallares y Apatzingán",5,23/09/2022,"Carretero, Educativo, Hidráulico, Monumentos Arqueológicos, Artísticos e Históricos, Naval y Salud",19265,https://www.dof.gob.mx/nota_detalle.php?codigo=5666010&fecha=30/09/2022,19286,19304,"SSPC/CNPC/DGGR/01293/2022, SSPC/CNPC/DGGR/01336/2022, SSPC/CNPC/DGGR/01346/2022 y SSPC/CNPC/DGGR/01456/2022",sin dato,2023
107,Chiapas,2022,"Lluvia severa, inundación pluvial e inundación fluvial del 20 al 22 de septiembre de 2022",Hidrometeorológico,CONAGUA,B00.8.-245,"Huixtla, Chapultenango, Tecpatan, Huehetan y Villa Comaltitlán",5,30/09/2022,Carretero e Hidráulico,19272,https://www.dof.gob.mx/nota_detalle.php?codigo=5667497&fecha=07/10/2022,19307,19325,SSPC/CNPC/DGGR/01433/2022,sin dato,2023
108,Veracruz,2022,"Lluvia severa, inundación pluvial e inundación fluvial del 10 al 26 de septiembre de 2022",Hidrometeorológico,CONAGUA,B00.8.02.-111,Acula; Alvarado; Amatitlán; Atzalan; Carlos A. Carrillo; Chacaltianguis; Cosoleacaque; Cotaxtla; Hidalgotitlán; Ignacio de la Llave; Jáltpan; Jesús Carranza; José Azueta; Los Reyes; Medellín de Bravo; Minatitlán; Playa Vicente; Texhuacán; y Texistepec,19,06/10/2022,"Carretero, Educativo, Hidráulico, Naval,",19278,https://www.dof.gob.mx/nota_detalle.php?codigo=5668031&fecha=13/10/2022,19313,19331,"SSPC/CNPC/DGGR/01420/2022, SSPC/CNPC/DGGR/01434/2022 y SSPC/CNPC/DGGR/01457/2022",sin dato,2023
109,Chiapas,2022,"Lluvia severa, inundación fluvial e inundación pluvial el 14 de octubre de 2022",Hidrometeorológico,CONAGUA,B00.8.-265,"Chapultenango, lxtacomitán, Juárez, Ostuacán, Pichucalco, Reforma y Sunuapa",7,20/10/2022,"Carretero, Hidráulico, Educativo",19292,https://www.dof.gob.mx/nota_detalle.php?codigo=5669792&fecha=27/10/2022,19328,19346,"SSPC/CNPC/DGGR/01522/2022, SSPC/CNPC/DGGR/1534/2022",sin dato,2023
110,Nayarit,2022,"Vientos fuertes, lluvia severa e inundación fluvial, el 23 y 24 de octubre de 2022",Hidrometeorológico,CONAGUA,B00.8.-277,"Acaponeta, Bahía de Banderas, Huajicori, San Blas, Tecuala, Rosamorada, Santiago Ixcuintla y Tuxpan",8,31/10/2022,"Carretero, Deportivo, Educativo, Hidráulico, Naval, y Pesquero y Acuícola",19303,https://www.dof.gob.mx/nota_detalle.php?codigo=5670671&fecha=07/11/2022,19339,19355,"SSPC/CNPC/DGGR/01527/2022, SSPC/CNPC/DGGR/01537/2022 y SSPC/CNPC/DGGR/01539/2022",sin dato,2023
111,Chiapas,2022,"Lluvia severa, inundación fluvial e inundación pluvial el 22 de noviembre de 2022",Hidrometeorológico,CONAGUA,B00.8.-297,"Chapultenango, Francisco león, Ixtapangajoya, Juárez, Ostuacán, Pichucalco, Solosuchiapa y Tecpatán",8,01/12/2022,Carretero e Hidráulico,19334,https://www.dof.gob.mx/nota_detalle.php?codigo=5673625&fecha=08/12/2022,19369,19387,SSPC/CNPC/DGGR/00111/2023,sin dato,2023
112,Chiapas,2023,"Lluvia severa, inundación fluvial e inundación pluvial el 10 y 11 de febrero de 2023",Hidrometeorológico,CONAGUA,B00.8.-038,"Amatán, Chapultenango, Ixtapangajoya, Juárez, Pichucalco, Solosuchiapa y Tecpatán",7,16/02/2023,Carretero e Hidráulico,19411,https://www.dof.gob.mx/nota_detalle.php?codigo=5680549&fecha=23/02/2023,19447,19465,"SSPC/CNPC/DGGR/0298/2023, SSPC/CNPC/DGGR/0289/2023",sin dato,2024
113,Veracruz,2023,Movimiento de ladera del 3 al 7 de agosto de 2023,Geológico,CENAPRED,SSPC/CENAPRED/DG/01188/2023,Los Reyes y Zongolica,2,14/08/2023,Educativo,19590,https://www.dof.gob.mx/nota_detalle.php?codigo=5699268&fecha=21/08/2023,19625,19641,SSPC/CNPC/DGGR/01208/2023,sin dato,2024
114,Veracruz,2023,Lluvia severa e inundación pluvial del 3 al 4 de agosto de 2023,Hidrometeorológico,CONAGUA,B00.8.02.-060,"Coetzala, Los Reyes, Mixtla de Altamirano, Naranjal, Omealca, Tequila y Zongolica",7,14/08/2023,"Carretero, Educativo, Hidráulico y Vial Urbano",19590,https://www.dof.gob.mx/nota_detalle.php?codigo=5699268&fecha=21/08/2023,19625,19641,"SSPC/CNPC/DGGR/00843/2023, SSPC/CNPC/DGGR/00869/2023, SSPC/CNPC/DGGR/00928/2023, SSPC/CNPC/DGGR/01065/2023, SSPC/CNPC/DGGR/01199/2023",sin dato,2024
115,Baja California Sur,2023,Lluvia severa e inundación pluvial el 19 de agosto de 2023,Hidrometeorológico,CONAGUA,B00.8.-142,Loreto y Mulegé,2,28/08/2023,"Carretero, Deportivo, Educativo, Hidráulico, Naval",19604,https://www.dof.gob.mx/nota_detalle.php?codigo=5700729&fecha=04/09/2023,19632,19648,"SSPC/CNPC/DGGR/00882/2023, SSPC/CNPC/DGGR/00904/2023",sin dato,2024
116,Baja California,2023,"Lluvia severa, inundación fluvial y pluvial, y vientos fuertes del 18 al 20 de agosto de 2023",Hidrometeorológico,CONAGUA,B00.8.-143,"Ensenada, Mexicali, Tecate, Tijuana, Playas de Rosarito, San Quintín y San Felipe",7,29/09/2023,"Carretero, Educativo y Naval",19605,https://www.dof.gob.mx/nota_detalle.php?codigo=5700852&fecha=05/09/2023,19640,19656,SSPC/CNPC/DGGR/00929/2023,sin dato,2024
117,Jalisco,2023,Movimiento de ladera el 25 de septiembre de 2023,Geológico,CENAPRED,SSPC/CENAPRED/DG/01442/2023,Autlán de Navarro,1,03/10/2023,Hidráulico,19640,https://www.dof.gob.mx/nota_detalle.php?codigo=5704429&fecha=10/10/2023,19675,19692,SSPC/CNPC/DGGR/01097/2023,sin dato,2024
118,Guerrero,2023,"Lluvia severa, inundación fluvial y pluvial del 9 al 11 de octubre de 2023",Hidrometeorológico,CONAGUA,B00.8.-185,Coyuca de Benítez; Benito Juárez; Acapulco de Juárez; Atoyac de Álvarez; Xalpatláhuac; Técpan de Galeana,6,19/10/2023,"Carretero, Educativo, Hidráulico y Naval",19656,https://www.dof.gob.mx/nota_detalle.php?codigo=5706674&fecha=26/10/2023,19677,19696,"SSPC/CNPC/DGGR/01133/2023, SSPC/CNPC/DGGR/01098/2023",sin dato,2024
119,Veracruz,2023,"Lluvia severa, inundación fluvial e inundación pluvial el 15 y 16 de octubre de 2023",Hidrometeorológico,CONAGUA,B00.8.-193,"Ixhutlán del Sureste, Moloacán, Agua Dulce, Las Choapas, Uxpanapa y Misantla",6,25/10/2023,"Carretero, Educativo, Hidráulico",19662,https://www.dof.gob.mx/nota_detalle.php?codigo=5707395&fecha=01/11/2023,19698,19717,"SSPC/CNPC/DGGR/01205/2023, SSPC/CNPC/DGGR/01212/2023",sin dato,2024
120,Baja California Sur,2023,"Lluvia severa, inundación fluvial y pluvial y vientos fuertes del 20 al 22 de octubre de 2023",Hidrometeorológico,CONAGUA,B00.8.-200,La Paz y los Cabos,2,31/10/2023,"Carretero, Deportivo, Educativo, Hidráulico, Naval",19668,https://www.dof.gob.mx/nota_detalle.php?codigo=5707833&fecha=07/11/2023,19704,19724,"SSPC/CNPC/DGGR/01209/2023, SSPC/CNPC/DGGR/01200/2023, SSPC/CNPC/DGGR/00007/2024, SSPC/CNPC/DGGR/00149/2024",sin dato,2024
121,Guerrero,2023,"Lluvia severa, vientos fuertes, e Inundación y pluvial el 24 y 25 de octubre de 2023",Hidrometeorológico,CONAGUA,B00.8.-203,"Acapulco de Juárez, Coyuca de Benítez",2,01/11/2023,"Educativo, Carretero, Cultura, Hidráulico, Naval",19664,https://www.dof.gob.mx/nota_detalle.php?codigo=5707645&fecha=03/11/2023,19705,19725,"SSPC/CNPC/DGGR/01206/2023, SSPC/CNPC/DGGR/00006/2024, SSPC/CNPC/DGGR/00150/2024, SSPC/CNPC/DGGR/00123/2024; SSPC/CNPC/DGGR/00319/2024; SSPC/CNPC/DGGR/00409/2024;",sin dato,2024
122,Veracruz,2024,"Lluvia severa, inundación pluvial e inundación fluvial del 19 al 21 de octubre de 2024",Hidrometeorológico,CONAGUA,B00.8.02.00.03.-026,"Las Choapas; Acayucan; Atlahuilco; Chinameca; Cosamaloapan de Carpio; Coscomatepec; Hidalgo-titlán; Ignacio de la Llave; Isla; Ixhuatlán del Café; Jesús Carranza; José Azueta; Los Reyes; Magdale-na; Nogales; Pajapan; San Juan Evangelista; Santiago Tuxtla; Soteapan; Tehuipango; Tequila; Tlalix-coyan; Tlaquilpa; Tlilapan; Catemaco; Alvarado; Boca del Río, La Antigua; Ángel R. Cabada; Lerdo de Tejada; Actopan; Playa Vicente; Saltabarranca; San Andrés Tuxtla; Úrsulo Galván; Coatzacoalcos; Acultzingo; Álamo Temapache; Tres Valles; Veracruz; Amatitlán; Cosoleacaque; Texistepec; y Tlaco-talpan",44,28/10/2024,"Educativo, Carretero, Hidráulico, Vial Urbano y Vivienda",20031,https://www.dof.gob.mx/nota_detalle.php?codigo=5742173&fecha=04/11/2024,20067,20084,SSPC/CNPC/DGGR/00733/2024 y SSPC/CNPC/DGGR/00002/2025,sin dato,2024
